<Index dataContractVersion="201701" xmlns="http://www.sdltridion.com/ContentManager/ImportExport/Package/2013">
  <Item id="tcm:0-0-0" selected="false" exported="false">
    <Item id="de2f13b341644fb980a56e6a545dd8c9" title="300%20English" itemType="Publication" selected="false" exported="false">
      <Item id="6dd1c82aa0a64cf8bcf381aa7160af21" title="Building%20Blocks" itemType="Folder" selected="false" exported="false">
        <Item id="028e24831e644b0e9793f1c1a2322cc0" title="Content" itemType="Folder" selected="false" exported="false">
          <Item id="7c1a060b0525410699109643dc18f4bf" title="demo" itemType="Folder" selected="false" exported="false">
            <Item id="f052759dad5b410893bebb86f1c4f61f" title="Banners" itemType="Folder" selected="false" exported="false">
              <Item id="tcm:6-2606" title="Banner%20%40%20Email%20Campaign%20Landing%20Page" extension="xml" itemType="Component" blueprintStatus="LocalItem" selected="true" exported="true" />
              <Item id="tcm:6-2554" title="Light%20Solar%20CII%20Generation%202%20-%20Product%20Details%20Page%20Banner" extension="xml" itemType="Component" blueprintStatus="LocalItem" selected="true" exported="true" />
              <Item id="tcm:6-3639" title="Product%20Campaign%20Page%20Banner" extension="xml" itemType="Component" blueprintStatus="LocalItem" selected="true" exported="true" />
              <Item id="tcm:6-1566" title="Requested%20Info%20Banner" extension="xml" itemType="Component" blueprintStatus="LocalItem" selected="true" exported="true" />
            </Item>
            <Item id="1aba311459f943268456c26236066f51" title="Images" itemType="Folder" selected="false" exported="false">
              <Item id="tcm:6-2615" title="homeroof-panels-dimmed" extension="jpg" itemType="Component" subtype="1" blueprintStatus="LocalItem" selected="true" exported="true" />
              <Item id="65c5fbe397d548dc86232a5e83100ac4" title="shutterstock_1070091716_1903x1269" extension="jpg" itemType="Component" selected="false" exported="false" />
              <Item id="8eaf01eaa4d64d71880b547711df8939" title="shutterstock_1150803428_1980x1320" extension="jpg" itemType="Component" selected="false" exported="false" />
              <Item id="b4e143b732b84c009bf69b9770a207a7" title="shutterstock_1297781632_1903x1269" extension="jpg" itemType="Component" selected="false" exported="false" />
              <Item id="6c6fb84ea39c4a69b2446e55c69d6aae" title="shutterstock_738569767_1903x1270" extension="jpg" itemType="Component" selected="false" exported="false" />
              <Item id="tcm:6-2616" title="solar-panels-fields-dimmed" extension="jpg" itemType="Component" subtype="1" blueprintStatus="LocalItem" selected="true" exported="true" />
              <Item id="e26f29c20cfa444e94e148e5f3ac5971" title="solar-panels-on-green-field" extension="jpg" itemType="Component" selected="false" exported="false" />
            </Item>
            <Item id="5169f9d80e0d4482a68cc1a3d9a25441" title="Products" itemType="Folder" selected="false" exported="false">
              <Item id="tcm:6-2557" title="Light%20Solar%20CII%20Generation%202" extension="xml" itemType="Component" blueprintStatus="LocalItem" selected="true" exported="true" />
              <Item id="82962bb6b2b643d0ac521cf1a9cc5615" title="LightSolar%20CI%20Offering" extension="xml" itemType="Component" selected="false" exported="false" />
              <Item id="tcm:6-2607" title="Offering%20%40%20Email%20Campaign%20Landing%20Page" extension="xml" itemType="Component" blueprintStatus="LocalItem" selected="true" exported="true" />
              <Item id="tcm:6-3641" title="Solar%20Product%20Accessories" extension="xml" itemType="Component" blueprintStatus="LocalItem" selected="true" exported="true" />
            </Item>
          </Item>
        </Item>
        <Item id="dcbc8ff845c541d4996f336a55f9e2d9" title="Modules" itemType="Folder" selected="false" exported="false">
          <Item id="24eb813506e848829d4e8cf84734a36c" title="Core" itemType="Folder" selected="false" exported="false">
            <Item id="612859df736c4d1f8b8994ed677f1440" title="Editor" itemType="Folder" selected="false" exported="false">
              <Item id="0eac04b9ed43443f80e8728fbbaeabde" title="Schemas" itemType="Folder" selected="false" exported="false">
                <Item id="61e8bb92f8694fc18e5ce1dbf029d28a" title="Image" extension="xsd" itemType="Schema" selected="false" exported="false" />
                <Item id="dd470f43bb6044a3b83cb8d8946ec9a9" title="Item%20List" extension="xsd" itemType="Schema" selected="false" exported="false" />
                <Item id="701ecdc917d14a0b97d5a87f6b633dcc" title="Teaser" extension="xsd" itemType="Schema" selected="false" exported="false" />
              </Item>
            </Item>
          </Item>
          <Item id="f175e0a81dda453a8751b084b3b3134a" title="onedemo" itemType="Folder" selected="false" exported="false">
            <Item id="951836695af348c39704c161f5dd526f" title="Editor" itemType="Folder" selected="false" exported="false">
              <Item id="09c411f1dd2f486d8c7a1aee10c8bb57" title="Schemas" itemType="Folder" selected="false" exported="false">
                <Item id="3a8e411fe5584913aed0b1eae52a64dc" title="Offering" extension="xsd" itemType="Schema" selected="false" exported="false" />
              </Item>
            </Item>
          </Item>
        </Item>
        <Item id="4c35024a4cf14ef0b16e40cff5291088" title="Stubs" itemType="Folder" selected="false" exported="false">
          <Item id="6150b4d145864f24b4e533c12bd7c7ba" title="5CD" itemType="Folder" selected="false" exported="false">
            <Item id="c3273accd41d46308f2ab411b7752991" title="51B" itemType="Folder" selected="false" exported="false">
              <Item id="fcac31ad74cb41aa8af1bcf54188b588" title="ecl%3A0-brightcove-6255737353001-BrightcoveVideo-file" extension="ecl" itemType="Component" selected="false" exported="false" />
            </Item>
          </Item>
        </Item>
      </Item>
    </Item>
    <Item id="3b9708ff297b42a4991420453a323f05" title="Jpeg%20image" extension="tmt" itemType="MultimediaType" selected="false" exported="false" />
  </Item>
</Index>