<Mappings xmlns="http://www.sdltridion.com/ContentManager/ImportExport/Package/2013">
  <ItemSet role="Publication">
    <Mapping exportTitle="300%20English" importTitle="" />
  </ItemSet>
  <ItemSet role="Folder">
    <Mapping exportContext="/300%20English" exportTitle="Building%20Blocks" importContext="" importTitle="" />
    <Mapping exportContext="/300%20English/Building%20Blocks" exportTitle="Content" importContext="" importTitle="" />
    <Mapping exportContext="/300%20English/Building%20Blocks/Content" exportTitle="demo" importContext="" importTitle="" />
    <Mapping exportContext="/300%20English/Building%20Blocks/Content/demo" exportTitle="Banners" importContext="" importTitle="" />
    <Mapping exportContext="/300%20English/Building%20Blocks/Content/demo" exportTitle="Images" importContext="" importTitle="" />
    <Mapping exportContext="/300%20English/Building%20Blocks/Content/demo" exportTitle="Products" importContext="" importTitle="" />
    <Mapping exportContext="/300%20English/Building%20Blocks" exportTitle="Modules" importContext="" importTitle="" />
    <Mapping exportContext="/300%20English/Building%20Blocks/Modules" exportTitle="Core" importContext="" importTitle="" />
    <Mapping exportContext="/300%20English/Building%20Blocks/Modules/Core" exportTitle="Editor" importContext="" importTitle="" />
    <Mapping exportContext="/300%20English/Building%20Blocks/Modules/Core/Editor" exportTitle="Schemas" importContext="" importTitle="" />
    <Mapping exportContext="/300%20English/Building%20Blocks/Modules" exportTitle="onedemo" importContext="" importTitle="" />
    <Mapping exportContext="/300%20English/Building%20Blocks/Modules/onedemo" exportTitle="Editor" importContext="" importTitle="" />
    <Mapping exportContext="/300%20English/Building%20Blocks/Modules/onedemo/Editor" exportTitle="Schemas" importContext="" importTitle="" />
    <Mapping exportContext="/300%20English/Building%20Blocks" exportTitle="Stubs" importContext="" importTitle="" />
    <Mapping exportContext="/300%20English/Building%20Blocks/Stubs" exportTitle="5CD" importContext="" importTitle="" />
    <Mapping exportContext="/300%20English/Building%20Blocks/Stubs/5CD" exportTitle="51B" importContext="" importTitle="" />
  </ItemSet>
  <ItemSet role="Schema">
    <Mapping exportContext="/300%20English/Building%20Blocks/Modules/Core/Editor/Schemas" exportTitle="Image.xsd" importContext="" importTitle="" />
    <Mapping exportContext="/300%20English/Building%20Blocks/Modules/Core/Editor/Schemas" exportTitle="Item%20List.xsd" importContext="" importTitle="" />
    <Mapping exportContext="/300%20English/Building%20Blocks/Modules/Core/Editor/Schemas" exportTitle="Teaser.xsd" importContext="" importTitle="" />
    <Mapping exportContext="/300%20English/Building%20Blocks/Modules/onedemo/Editor/Schemas" exportTitle="Offering.xsd" importContext="" importTitle="" />
  </ItemSet>
  <ItemSet role="Component">
    <Mapping exportContext="/300%20English/Building%20Blocks/Content/demo/Banners" exportTitle="Banner%20%40%20Email%20Campaign%20Landing%20Page.xml" importContext="" importTitle="" />
    <Mapping exportContext="/300%20English/Building%20Blocks/Content/demo/Banners" exportTitle="Light%20Solar%20CII%20Generation%202%20-%20Product%20Details%20Page%20Banner.xml" importContext="" importTitle="" />
    <Mapping exportContext="/300%20English/Building%20Blocks/Content/demo/Banners" exportTitle="Product%20Campaign%20Page%20Banner.xml" importContext="" importTitle="" />
    <Mapping exportContext="/300%20English/Building%20Blocks/Content/demo/Banners" exportTitle="Requested%20Info%20Banner.xml" importContext="" importTitle="" />
    <Mapping exportContext="/300%20English/Building%20Blocks/Content/demo/Images" exportTitle="homeroof-panels-dimmed.jpg" importContext="" importTitle="" />
    <Mapping exportContext="/300%20English/Building%20Blocks/Content/demo/Images" exportTitle="shutterstock_1070091716_1903x1269.jpg" importContext="" importTitle="" />
    <Mapping exportContext="/300%20English/Building%20Blocks/Content/demo/Images" exportTitle="shutterstock_1150803428_1980x1320.jpg" importContext="" importTitle="" />
    <Mapping exportContext="/300%20English/Building%20Blocks/Content/demo/Images" exportTitle="shutterstock_1297781632_1903x1269.jpg" importContext="" importTitle="" />
    <Mapping exportContext="/300%20English/Building%20Blocks/Content/demo/Images" exportTitle="shutterstock_738569767_1903x1270.jpg" importContext="" importTitle="" />
    <Mapping exportContext="/300%20English/Building%20Blocks/Content/demo/Images" exportTitle="solar-panels-fields-dimmed.jpg" importContext="" importTitle="" />
    <Mapping exportContext="/300%20English/Building%20Blocks/Content/demo/Images" exportTitle="solar-panels-on-green-field.jpg" importContext="" importTitle="" />
    <Mapping exportContext="/300%20English/Building%20Blocks/Content/demo/Products" exportTitle="Light%20Solar%20CII%20Generation%202.xml" importContext="" importTitle="" />
    <Mapping exportContext="/300%20English/Building%20Blocks/Content/demo/Products" exportTitle="LightSolar%20CI%20Offering.xml" importContext="" importTitle="" />
    <Mapping exportContext="/300%20English/Building%20Blocks/Content/demo/Products" exportTitle="Offering%20%40%20Email%20Campaign%20Landing%20Page.xml" importContext="" importTitle="" />
    <Mapping exportContext="/300%20English/Building%20Blocks/Content/demo/Products" exportTitle="Solar%20Product%20Accessories.xml" importContext="" importTitle="" />
    <Mapping exportContext="/300%20English/Building%20Blocks/Stubs/5CD/51B" exportTitle="ecl%3A0-brightcove-6255737353001-BrightcoveVideo-file.ecl" importContext="" importTitle="" />
  </ItemSet>
  <ItemSet role="MultimediaType">
    <Mapping exportTitle="Jpeg%20image.tmt" importTitle="" />
  </ItemSet>
</Mappings>