<PackageItem xmlns:tcm="http://www.tridion.com/ContentManager/5.0" xmlns:xlink="http://www.w3.org/1999/xlink" xmlns="http://www.sdltridion.com/ContentManager/ImportExport/Package/2013">
  <Data>
    <tcm:Data>
      <tcm:Title>Requested Information</tcm:Title>
      <tcm:FileName>requested-info</tcm:FileName>
      <tcm:PageTemplate IsInherited="false" xlink:type="simple" xlink:title="Onedemo Products Page" xlink:href="/webdav/500%20www%20en-US/Building%20Blocks/Modules/onedemo/Editor/Templates/Onedemo%20Products%20Page.tptcmp" />
      <tcm:ComponentPresentations />
      <tcm:MetadataSchema xlink:type="simple" xlink:title="Onedemo Products Page" xlink:href="/webdav/500%20www%20en-US/Building%20Blocks/Modules/onedemo/Editor/Schemas/Page%20Schemas/Onedemo%20Products%20Page.xsd" />
      <tcm:Metadata>
        <Metadata xmlns="uuid:122e776e-b53b-47ef-b51e-8c4242716a7f" />
      </tcm:Metadata>
      <tcm:RegionSchema xlink:type="simple" xlink:title="Onedemo Products Page" xlink:href="/webdav/500%20www%20en-US/Building%20Blocks/Modules/onedemo/Editor/Schemas/Page%20Schemas/Onedemo%20Products%20Page.xsd" />
      <tcm:Regions>
        <tcm:Region Type="EmbeddedRegionData">
          <tcm:RegionName>Product Banner</tcm:RegionName>
          <tcm:RegionSchema xlink:type="simple" xlink:title="[Onedemo:ProductBanner] Region" xlink:href="/webdav/500%20www%20en-US/Building%20Blocks/Modules/onedemo/Editor/Schemas/Region%20Schemas/%5BOnedemo%3AProductBanner%5D%20Region.xsd" />
          <tcm:Metadata />
          <tcm:ComponentPresentations>
            <tcm:ComponentPresentation>
              <tcm:Component xlink:type="simple" xlink:title="Requested Info Banner" xlink:href="/webdav/500%20www%20en-US/Building%20Blocks/Content/demo/Banners/Requested%20Info%20Banner.xml" />
              <tcm:ComponentTemplate xlink:type="simple" xlink:title="Productpage Banner" xlink:href="/webdav/500%20www%20en-US/Building%20Blocks/Modules/onedemo/Editor/Templates/Productpage%20Banner.tctcmp" />
              <tcm:Conditions />
            </tcm:ComponentPresentation>
          </tcm:ComponentPresentations>
          <tcm:Regions />
        </tcm:Region>
        <tcm:Region Type="EmbeddedRegionData">
          <tcm:RegionName>Solar Products</tcm:RegionName>
          <tcm:RegionSchema xlink:type="simple" xlink:title="[Onedemo:Solarproducts] Region" xlink:href="/webdav/500%20www%20en-US/Building%20Blocks/Modules/onedemo/Editor/Schemas/Region%20Schemas/%5BOnedemo%3ASolarproducts%5D%20Region.xsd" />
          <tcm:Metadata />
          <tcm:ComponentPresentations />
          <tcm:Regions />
        </tcm:Region>
        <tcm:Region Type="EmbeddedRegionData">
          <tcm:RegionName>Related Content</tcm:RegionName>
          <tcm:RegionSchema xlink:type="simple" xlink:title="[Onedemo:RelatedContent] Region" xlink:href="/webdav/500%20www%20en-US/Building%20Blocks/Modules/onedemo/Editor/Schemas/Region%20Schemas/%5BOnedemo%3ARelatedContent%5D%20Region.xsd" />
          <tcm:Metadata />
          <tcm:ComponentPresentations>
            <tcm:ComponentPresentation>
              <tcm:Component xlink:type="simple" xlink:title="Related Content" xlink:href="/webdav/500%20www%20en-US/Building%20Blocks/Content/demo/Related%20Content.xml" />
              <tcm:ComponentTemplate xlink:type="simple" xlink:title="Related Content" xlink:href="/webdav/500%20www%20en-US/Building%20Blocks/Modules/onedemo/Editor/Templates/Related%20Content.tctcmp" />
              <tcm:Conditions />
            </tcm:ComponentPresentation>
          </tcm:ComponentPresentations>
          <tcm:Regions />
        </tcm:Region>
      </tcm:Regions>
    </tcm:Data>
  </Data>
  <Dependencies>
    <Dependency dependencyType="Publication" itemUrl="/webdav/500%20www%20en-US" linkName="LocationInfo/ContextRepository" />
    <Dependency dependencyType="OrganizationalItemStructureGroup" itemUrl="/webdav/500%20www%20en-US/Home" linkName="LocationInfo/OrganizationalItem" />
    <Dependency dependencyType="ComponentPresentationComponent" itemUrl="/webdav/500%20www%20en-US/Building%20Blocks/Content/demo/Banners/Requested%20Info%20Banner.xml" linkName="Regions[0]/ComponentPresentations[0]/Component" />
    <Dependency dependencyType="ComponentPresentationComponent" itemUrl="/webdav/500%20www%20en-US/Building%20Blocks/Content/demo/Related%20Content.xml" linkName="Regions[2]/ComponentPresentations[0]/Component" />
    <Dependency dependencyType="ComponentPresentationComponentTemplate" itemUrl="/webdav/500%20www%20en-US/Building%20Blocks/Modules/onedemo/Editor/Templates/Productpage%20Banner.tctcmp" linkName="Regions[0]/ComponentPresentations[0]/ComponentTemplate" />
    <Dependency dependencyType="ComponentPresentationComponentTemplate" itemUrl="/webdav/500%20www%20en-US/Building%20Blocks/Modules/onedemo/Editor/Templates/Related%20Content.tctcmp" linkName="Regions[2]/ComponentPresentations[0]/ComponentTemplate" />
    <Dependency dependencyType="MetadataSchema" itemUrl="/webdav/500%20www%20en-US/Building%20Blocks/Modules/onedemo/Editor/Schemas/Page%20Schemas/Onedemo%20Products%20Page.xsd" linkName="MetadataSchema" />
    <Dependency dependencyType="PageTemplate" itemUrl="/webdav/500%20www%20en-US/Building%20Blocks/Modules/onedemo/Editor/Templates/Onedemo%20Products%20Page.tptcmp" linkName="PageTemplate" />
    <Dependency dependencyType="PageRegionSchema" itemUrl="/webdav/500%20www%20en-US/Building%20Blocks/Modules/onedemo/Editor/Schemas/Page%20Schemas/Onedemo%20Products%20Page.xsd" linkName="RegionSchema" />
    <Dependency dependencyType="PageRegionSchema" itemUrl="/webdav/500%20www%20en-US/Building%20Blocks/Modules/onedemo/Editor/Schemas/Region%20Schemas/%5BOnedemo%3AProductBanner%5D%20Region.xsd" linkName="Regions[0]/RegionSchema" />
    <Dependency dependencyType="PageRegionSchema" itemUrl="/webdav/500%20www%20en-US/Building%20Blocks/Modules/onedemo/Editor/Schemas/Region%20Schemas/%5BOnedemo%3ASolarproducts%5D%20Region.xsd" linkName="Regions[1]/RegionSchema" />
    <Dependency dependencyType="PageRegionSchema" itemUrl="/webdav/500%20www%20en-US/Building%20Blocks/Modules/onedemo/Editor/Schemas/Region%20Schemas/%5BOnedemo%3ARelatedContent%5D%20Region.xsd" linkName="Regions[2]/RegionSchema" />
  </Dependencies>
</PackageItem>