<PackageItem xmlns:tcm="http://www.tridion.com/ContentManager/5.0" xmlns:xlink="http://www.w3.org/1999/xlink" xmlns="http://www.sdltridion.com/ContentManager/ImportExport/Package/2013">
  <Data>
    <tcm:Data>
      <tcm:Title>Light Solar CII Generation 2</tcm:Title>
      <tcm:Type>Normal</tcm:Type>
      <tcm:Schema xlink:type="simple" xlink:title="Offering" xlink:href="/webdav/300%20English/Building%20Blocks/Modules/onedemo/Editor/Schemas/Offering.xsd" IsMandatory="false" />
      <tcm:Content>
        <Offering xmlns="http://www.sdl.com/web/schemas/core">
          <headline>Produce 30% more power than previous generation</headline>
          <introduction>With new patent pending technology the solar panels are able to produce up to 30% more power than the old generation.</introduction>
          <body>
            <subheading>Solar Panels setup in endless rows</subheading>
            <content>Build large fields of solar panels to capture all the heat from the sun.</content>
            <media xmlns:xlink="http://www.w3.org/1999/xlink" xlink:type="simple" xlink:href="/webdav/300%20English/Building%20Blocks/Content/demo/Images/solar-panels-on-green-field.jpg" xlink:title="solar-panels-on-green-field" />
          </body>
          <link>
            <linkText>[Enter link text here]</linkText>
            <internalLink xmlns:xlink="http://www.w3.org/1999/xlink" xlink:type="simple" xlink:href="/webdav/300%20English/Building%20Blocks/Content/demo/Products/LightSolar%20CI%20Offering.xml" xlink:title="LightSolar CI Offering" />
          </link>
        </Offering>
      </tcm:Content>
      <tcm:Metadata>
        <Metadata xmlns="http://www.sdl.com/web/schemas/core" />
      </tcm:Metadata>
      <tcm:IsBasedOnTridionWebSchema>true</tcm:IsBasedOnTridionWebSchema>
      <tcm:MultimediaType xlink:type="simple" xlink:title="" xlink:href="tcm:0-0-0" />
    </tcm:Data>
  </Data>
  <Dependencies>
    <Dependency dependencyType="Publication" itemUrl="/webdav/300%20English" linkName="LocationInfo/ContextRepository" />
    <Dependency dependencyType="OrganizationalItemFolder" itemUrl="/webdav/300%20English/Building%20Blocks/Content/demo/Products" linkName="LocationInfo/OrganizationalItem" />
    <Dependency dependencyType="LinkedComponent" itemUrl="/webdav/300%20English/Building%20Blocks/Content/demo/Images/solar-panels-on-green-field.jpg" linkName="Content" xpath="*[local-name() = 'Offering'][1]/*[local-name() = 'body'][1]/*[local-name() = 'media'][1]/@xlink:href" />
    <Dependency dependencyType="LinkedComponent" itemUrl="/webdav/300%20English/Building%20Blocks/Content/demo/Products/LightSolar%20CI%20Offering.xml" linkName="Content" xpath="*[local-name() = 'Offering'][1]/*[local-name() = 'link'][1]/*[local-name() = 'internalLink'][1]/@xlink:href" />
    <Dependency dependencyType="Schema" itemUrl="/webdav/300%20English/Building%20Blocks/Modules/onedemo/Editor/Schemas/Offering.xsd" linkName="Schema" />
  </Dependencies>
</PackageItem>