<PackageItem xmlns:tcm="http://www.tridion.com/ContentManager/5.0" xmlns:xlink="http://www.w3.org/1999/xlink" xmlns="http://www.sdltridion.com/ContentManager/ImportExport/Package/2013">
  <Data>
    <tcm:Data>
      <tcm:Title>Light Solar CII Generation 2 - Product Details Page Banner</tcm:Title>
      <tcm:Type>Normal</tcm:Type>
      <tcm:Schema xlink:type="simple" xlink:title="Item List" xlink:href="/webdav/300%20English/Building%20Blocks/Modules/Core/Editor/Schemas/Item%20List.xsd" IsMandatory="false" />
      <tcm:Content>
        <ItemList xmlns="http://www.sdl.com/web/schemas/core">
          <headline>Details Banner</headline>
          <itemListElement>
            <subheading>Solar Light CII Next Generation</subheading>
            <content>The new generation of solar panels to power a whole city</content>
            <media xmlns:xlink="http://www.w3.org/1999/xlink" xlink:href="/webdav/300%20English/Building%20Blocks/Content/Insurance/Images/house.jpg" xlink:title="house" />
            <link>
              <linkText>Enter link text here</linkText>
            </link>
          </itemListElement>
        </ItemList>
      </tcm:Content>
      <tcm:Metadata>
        <Metadata xmlns="http://www.sdl.com/web/schemas/core" />
      </tcm:Metadata>
      <tcm:IsBasedOnTridionWebSchema>true</tcm:IsBasedOnTridionWebSchema>
      <tcm:MultimediaType xlink:type="simple" xlink:title="" xlink:href="tcm:0-0-0" />
    </tcm:Data>
  </Data>
  <Dependencies>
    <Dependency dependencyType="Publication" itemUrl="/webdav/300%20English" linkName="LocationInfo/ContextRepository" />
    <Dependency dependencyType="OrganizationalItemFolder" itemUrl="/webdav/300%20English/Building%20Blocks/Content/demo/Banners" linkName="LocationInfo/OrganizationalItem" /> 
    <Dependency dependencyType="Schema" itemUrl="/webdav/300%20English/Building%20Blocks/Modules/Core/Editor/Schemas/Item%20List.xsd" linkName="Schema" />
  </Dependencies>
</PackageItem>