<PackageItem xmlns:tcm="http://www.tridion.com/ContentManager/5.0" xmlns:xlink="http://www.w3.org/1999/xlink" xmlns="http://www.sdltridion.com/ContentManager/ImportExport/Package/2013">
  <Data>
    <tcm:Data>
      <tcm:Title>Solar Product Accessories</tcm:Title>
      <tcm:Type>Normal</tcm:Type>
      <tcm:Schema xlink:type="simple" xlink:title="Offering" xlink:href="/webdav/300%20English/Building%20Blocks/Modules/onedemo/Editor/Schemas/Offering.xsd" IsMandatory="false" />
      <tcm:Content>
        <Offering xmlns="http://www.sdl.com/web/schemas/core">
	<headline>BECOME A ACADIAN SOLAR SUPPORTER</headline>
	<introduction>Buy our fashionable accessories! We have handpicked a few nice accessories to a discounted price.</introduction>
	<body>
		<subheading>Helmet</subheading>
		<content>A safe and fashionable helmet perfect to use when you are on the roof for maintenance of your solar panel.</content>
		<media xmlns:xlink="http://www.w3.org/1999/xlink" xlink:href="/webdav/300%20English/Building%20Blocks/Content/demo/Images/shutterstock_1070091716_1903x1269.jpg" xlink:title="shutterstock_1070091716_1903x1269" />
	</body>
	<link>
		<linkText>[Enter link text here]</linkText>
		<internalLink xmlns:xlink="http://www.w3.org/1999/xlink" xlink:type="simple" xlink:href="/webdav/300%20English/Building%20Blocks/Content/demo/Products/LightSolar%20CI%20Offering.xml" xlink:title="LightSolar CI Offering" />
	</link>
</Offering>
      </tcm:Content>
      <tcm:Metadata>
        <Metadata xmlns="http://www.sdl.com/web/schemas/core" />
      </tcm:Metadata>
      <tcm:IsBasedOnTridionWebSchema>true</tcm:IsBasedOnTridionWebSchema>
      <tcm:MultimediaType xlink:type="simple" xlink:title="" xlink:href="tcm:0-0-0" />
    </tcm:Data>
  </Data>
  <Dependencies>
    <Dependency dependencyType="Publication" itemUrl="/webdav/300%20English" linkName="LocationInfo/ContextRepository" />
    <Dependency dependencyType="OrganizationalItemFolder" itemUrl="/webdav/300%20English/Building%20Blocks/Content/demo/Products" linkName="LocationInfo/OrganizationalItem" />
    <Dependency dependencyType="LinkedComponent" itemUrl="/webdav/300%20English/Building%20Blocks/Content/demo/Images/shutterstock_1070091716_1903x1269.jpg" linkName="Content" xpath="*[local-name() = 'Offering'][1]/*[local-name() = 'body'][1]/*[local-name() = 'media'][1]/@xlink:href" />
    <Dependency dependencyType="LinkedComponent" itemUrl="/webdav/300%20English/Building%20Blocks/Content/demo/Products/LightSolar%20CI%20Offering.xml" linkName="Content" xpath="*[local-name() = 'Offering'][1]/*[local-name() = 'link'][1]/*[local-name() = 'internalLink'][1]/@xlink:href" />
    <Dependency dependencyType="Schema" itemUrl="/webdav/300%20English/Building%20Blocks/Modules/onedemo/Editor/Schemas/Offering.xsd" linkName="Schema" />
  </Dependencies>
</PackageItem>