<PackageItem xmlns:tcm="http://www.tridion.com/ContentManager/5.0" xmlns:xlink="http://www.w3.org/1999/xlink" xmlns="http://www.sdltridion.com/ContentManager/ImportExport/Package/2013">
  <Data>
    <tcm:Data>
      <tcm:Title>Requested Info Banner</tcm:Title>
      <tcm:Type>Normal</tcm:Type>
      <tcm:Schema xlink:type="simple" xlink:title="Teaser" xlink:href="/webdav/300%20English/Building%20Blocks/Modules/Core/Editor/Schemas/Teaser.xsd" IsMandatory="false" />
      <tcm:Content>
        <Teaser xmlns="http://www.sdl.com/web/schemas/core">
          <headline>Thank you for your request</headline>
          <content>More information about Acadian Solar products has been sent to your email.</content>
          <media xmlns:xlink="http://www.w3.org/1999/xlink" xlink:href="/webdav/300%20English/Building%20Blocks/Content/demo/Images/shutterstock_1297781632_1903x1269.jpg" xlink:title="shutterstock_1297781632_1903x1269" />
          <link>
            <linkText>Download</linkText>
          </link>
        </Teaser>
      </tcm:Content>
      <tcm:Metadata />
      <tcm:IsBasedOnTridionWebSchema>true</tcm:IsBasedOnTridionWebSchema>
      <tcm:MultimediaType xlink:type="simple" xlink:title="" xlink:href="tcm:0-0-0" />
    </tcm:Data>
  </Data>
  <Dependencies>
    <Dependency dependencyType="Publication" itemUrl="/webdav/300%20English" linkName="LocationInfo/ContextRepository" />
    <Dependency dependencyType="OrganizationalItemFolder" itemUrl="/webdav/300%20English/Building%20Blocks/Content/demo/Banners" linkName="LocationInfo/OrganizationalItem" />
    <Dependency dependencyType="LinkedComponent" itemUrl="/webdav/300%20English/Building%20Blocks/Content/demo/Images/shutterstock_1297781632_1903x1269.jpg" linkName="Content" xpath="*[local-name() = 'Teaser'][1]/*[local-name() = 'media'][1]/@xlink:href" />
    <Dependency dependencyType="Schema" itemUrl="/webdav/300%20English/Building%20Blocks/Modules/Core/Editor/Schemas/Teaser.xsd" linkName="Schema" />
  </Dependencies>
</PackageItem>