<Index dataContractVersion="201701" xmlns="http://www.sdltridion.com/ContentManager/ImportExport/Package/2013">
  <Item id="tcm:0-0-0" selected="false" exported="false">
    <Item id="3b51055a88f0470badb0a6d01c7f0c27" title="300%20English" itemType="Publication" selected="false" exported="false">
      <Item id="1fd62f79e56d4723b32bb43424dd2e61" title="Building%20Blocks" itemType="Folder" selected="false" exported="false">
        <Item id="5320f6f4edef45889135d66229e1c570" title="Content" itemType="Folder" selected="false" exported="false">
          <Item id="5ca5ac9dd28441a8a88ba9493015280a" title="demo" itemType="Folder" selected="false" exported="false">
            <Item id="50b138a70ae84deb9082da3aa618697c" title="Banners" itemType="Folder" selected="false" exported="false">
              <Item id="tcm:6-3490" title="Requested%20Info%20Banner" extension="xml" itemType="Component" blueprintStatus="LocalItem" selected="true" exported="true" />
            </Item>
            <Item id="32656923536849f485bd84d99bb5d108" title="Images" itemType="Folder" selected="false" exported="false">
              <Item id="e6d04bb6af5f46e59d4a90c3e7b2b7ab" title="shutterstock_1297781632_1903x1269" extension="jpg" itemType="Component" selected="false" exported="false" />
            </Item>
          </Item>
        </Item>
        <Item id="ce52519bf1094dafba6535f5f146e074" title="Modules" itemType="Folder" selected="false" exported="false">
          <Item id="4454efcff8f94755b79521f1117cb65a" title="Core" itemType="Folder" selected="false" exported="false">
            <Item id="f382eb5d537a4ffc80729b4a8da191e1" title="Editor" itemType="Folder" selected="false" exported="false">
              <Item id="c68b0b2081c4458b85710c6cbfa30810" title="Schemas" itemType="Folder" selected="false" exported="false">
                <Item id="1efe02f5136a44be9ace3e5880dc2f47" title="Teaser" extension="xsd" itemType="Schema" selected="false" exported="false" />
              </Item>
            </Item>
          </Item>
        </Item>
      </Item>
    </Item>
    <Item id="ed9b5a90dca84d09969d6536cde7351c" title="500%20www en-US" itemType="Publication" selected="false" exported="false">
      <Item id="8acf32a736b74b96877e7efb5f93069a" title="Building%20Blocks" itemType="Folder" selected="false" exported="false">
        <Item id="3d979a12d1004adbb8db0c6f96f19559" title="Content" itemType="Folder" selected="false" exported="false">
          <Item id="f96eff1f280b4ef1b733b31ffc5a6110" title="demo" itemType="Folder" selected="false" exported="false">
            <Item id="6990012441974733915752d8951c1709" title="Banners" itemType="Folder" selected="false" exported="false">
              <Item id="tcm:7-3490" title="Requested%20Info%20Banner" extension="xml" itemType="Component" blueprintStatus="SharedItem" selected="true" exported="true" />
            </Item>
          </Item>
        </Item>
      </Item>
    </Item>
  </Item>
</Index>