<?xml version="1.0" encoding="UTF-8"?>
<Pipelines>

    <!-- This step will do pre-processing of the transport package to check if standard Tridion deploy steps should be executed
         or the multi-channel deploy step that triggers deploy through connectors -->
    <Pipeline Id="Tridion-MultiChannelPreProcessStep" Action="Deploy,Undeploy" Verb="Process" BeforePipeline="Tridion-Process-Deploy">
        <Steps>
          <Step Id="MultiChannelDeliveryPreProcessStep" >
            </Step>
        </Steps>
    </Pipeline>

    <!-- This step will do the actual publishing through connectors -->
    <Pipeline Id="Tridion-MultiChannelDeployStep" Action="Deploy,Undeploy" Verb="ProcessMultichannel" BeforePipeline="Tridion-Cleanup">
        <Steps>
            <Step Id="MultiChannelDeliveryDeployStep" >
            </Step>
        </Steps>
    </Pipeline>

</Pipelines>
