<PackageItem xmlns:tcm="http://www.tridion.com/ContentManager/5.0" xmlns:xlink="http://www.w3.org/1999/xlink" xmlns:xsd="http://www.w3.org/2001/XMLSchema" xmlns="http://www.sdltridion.com/ContentManager/ImportExport/Package/2013">
  <Data>
    <tcm:Data xmlns:tcmi="http://www.tridion.com/ContentManager/5.0/Instance" xmlns:xlink="http://www.w3.org/1999/xlink" xmlns:i="http://www.w3.org/2001/XMLSchema-instance">
      <tcm:Title>[SmartTarget:Hero] Onedemo Region</tcm:Title>
      <tcm:Description>[SmartTarget:Hero] Onedemo Region</tcm:Description>
      <tcm:Purpose>Region</tcm:Purpose>
      <tcm:NamespaceURI>uuid:4e39b80b-b133-435a-9651-84cbb43aa473</tcm:NamespaceURI>
      <tcm:IsIndexable>false</tcm:IsIndexable>
      <tcm:IsPublishable>false</tcm:IsPublishable>
      <tcm:RootElementName />
      <tcm:IsTridionWebSchema>true</tcm:IsTridionWebSchema>
      <tcm:XSD>
        <xsd:schema xmlns:xsd="http://www.w3.org/2001/XMLSchema" xmlns="uuid:4e39b80b-b133-435a-9651-84cbb43aa473" xmlns:tcmi="http://www.tridion.com/ContentManager/5.0/Instance" elementFormDefault="qualified" targetNamespace="uuid:4e39b80b-b133-435a-9651-84cbb43aa473">
  <xsd:import namespace="http://www.tridion.com/ContentManager/5.0/Instance" schemaLocation="/webdav/cm_xml_inst.xsd" />
  <xsd:annotation>
    <xsd:appinfo>
      <tcm:Labels xmlns:tcm="http://www.tridion.com/ContentManager/5.0">
        <tcm:Label ElementName="maxItems" Metadata="true">The maximum number of Experience Optimization items to display in this Region</tcm:Label>
      </tcm:Labels>
    </xsd:appinfo>
  </xsd:annotation>
  <xsd:element name="Metadata">
    <xsd:complexType>
      <xsd:sequence>
        <xsd:element name="maxItems" minOccurs="0" maxOccurs="1" type="xsd:normalizedString">
          <xsd:annotation>
            <xsd:appinfo>
              <tcm:IsPublishable xmlns:tcm="http://www.tridion.com/ContentManager/5.0">true</tcm:IsPublishable>
              <tcm:IsIndexable xmlns:tcm="http://www.tridion.com/ContentManager/5.0">true</tcm:IsIndexable>
              <tcm:ExtensionXml xmlns:tcm="http://www.tridion.com/ContentManager/5.0" />
              <tcm:UseForAutoClassification xmlns:tcm="http://www.tridion.com/ContentManager/5.0">true</tcm:UseForAutoClassification>
            </xsd:appinfo>
          </xsd:annotation>
        </xsd:element>
      </xsd:sequence>
    </xsd:complexType>
  </xsd:element>
</xsd:schema>
      </tcm:XSD>
      <tcm:AllowedMultimediaTypes />
      <tcm:ComponentProcess xlink:type="simple" xlink:title="" xlink:href="tcm:0-0-0" />
      <tcm:BundleProcess xlink:type="simple" xlink:title="" xlink:href="tcm:0-0-0" />
      <tcm:DeleteBundleOnProcessFinished>false</tcm:DeleteBundleOnProcessFinished>
      <tcm:RegionDefinition>
        <tcm:ComponentPresentationConstraints>
          <tcm:TypeConstraint>
            <tcm:BasedOnComponentTemplate xlink:type="simple" xlink:title="Carousel" xlink:href="/webdav/300%20English/Building%20Blocks/Modules/Core/Editor/Templates/Carousel.tctcmp" />
          </tcm:TypeConstraint>
          <tcm:TypeConstraint>
            <tcm:BasedOnComponentTemplate xlink:type="simple" xlink:title="Hero [SmartTarget:Hero]" xlink:href="/webdav/300%20English/Building%20Blocks/Modules/ExperienceOptimization/Editor/Templates/Hero%20%5BSmartTarget%3AHero%5D.tctcmp" />
          </tcm:TypeConstraint>
          <tcm:TypeConstraint>
            <tcm:BasedOnComponentTemplate xlink:type="simple" xlink:title="Homepage Banner" xlink:href="/webdav/300%20English/Building%20Blocks/Modules/onedemo/Editor/Templates/Homepage%20Banner.tctcmp" />
          </tcm:TypeConstraint>
          <tcm:TypeConstraint>
            <tcm:BasedOnComponentTemplate xlink:type="simple" xlink:title="Request Info" xlink:href="/webdav/300%20English/Building%20Blocks/Modules/IntegrationForm/Editor/Templates/Request%20Info.tctcmp" />
            <tcm:BasedOnSchema xlink:type="simple" xlink:title="Integration Form" xlink:href="/webdav/300%20English/Building%20Blocks/Modules/IntegrationForm/Editor/Schemas/Integration%20Form.xsd" />
          </tcm:TypeConstraint>
        </tcm:ComponentPresentationConstraints>
        <tcm:DefaultComponentPresentations />
        <tcm:NestedRegions>
          <tcm:NestedRegion>
            <tcm:RegionName>FindAnInstaller</tcm:RegionName>
            <tcm:RegionSchema xlink:type="simple" xlink:title="[Onedemo:FindAnInstaller] Region" xlink:href="/webdav/300%20English/Building%20Blocks/Modules/onedemo/Editor/Schemas/Region%20Schemas/%5BOnedemo%3AFindAnInstaller%5D%20Region.xsd" />
            <tcm:IsMandatory>true</tcm:IsMandatory>
          </tcm:NestedRegion>
        </tcm:NestedRegions>
      </tcm:RegionDefinition>
    </tcm:Data>
  </Data>
  <Dependencies>
    <Dependency dependencyType="Publication" itemUrl="/webdav/300%20English" linkName="LocationInfo/ContextRepository" />
    <Dependency dependencyType="OrganizationalItemFolder" itemUrl="/webdav/300%20English/Building%20Blocks/Modules/ExperienceOptimization/Editor/Schemas/Region" linkName="LocationInfo/OrganizationalItem" />
    <Dependency dependencyType="RegionDefinitionConstraintSchema" itemUrl="/webdav/300%20English/Building%20Blocks/Modules/IntegrationForm/Editor/Schemas/Integration%20Form.xsd" linkName="RegionDefinition/ComponentPresentationConstraints[3]/BasedOnSchema" />
    <Dependency dependencyType="RegionDefinitionConstraintComponentTemplate" itemUrl="/webdav/300%20English/Building%20Blocks/Modules/Core/Editor/Templates/Carousel.tctcmp" linkName="RegionDefinition/ComponentPresentationConstraints[0]/BasedOnComponentTemplate" />
    <Dependency dependencyType="RegionDefinitionConstraintComponentTemplate" itemUrl="/webdav/300%20English/Building%20Blocks/Modules/ExperienceOptimization/Editor/Templates/Hero%20%5BSmartTarget%3AHero%5D.tctcmp" linkName="RegionDefinition/ComponentPresentationConstraints[1]/BasedOnComponentTemplate" />
    <Dependency dependencyType="RegionDefinitionConstraintComponentTemplate" itemUrl="/webdav/300%20English/Building%20Blocks/Modules/onedemo/Editor/Templates/Homepage%20Banner.tctcmp" linkName="RegionDefinition/ComponentPresentationConstraints[2]/BasedOnComponentTemplate" />
    <Dependency dependencyType="RegionDefinitionConstraintComponentTemplate" itemUrl="/webdav/300%20English/Building%20Blocks/Modules/IntegrationForm/Editor/Templates/Request%20Info.tctcmp" linkName="RegionDefinition/ComponentPresentationConstraints[3]/BasedOnComponentTemplate" />
    <Dependency dependencyType="RegionDefinitionNestedRegionSchema" itemUrl="/webdav/300%20English/Building%20Blocks/Modules/onedemo/Editor/Schemas/Region%20Schemas/%5BOnedemo%3AFindAnInstaller%5D%20Region.xsd" linkName="RegionDefinition/NestedRegions[0]/RegionSchema" />
  </Dependencies>
</PackageItem>