<Index dataContractVersion="201701" xmlns="http://www.sdltridion.com/ContentManager/ImportExport/Package/2013">
  <Item id="tcm:0-0-0" selected="false" exported="false">
    <Item id="acce6e3975ca417dbdaeaa9a9e6df447" title="500%20www%20en-US" itemType="Publication" selected="false" exported="false">
      <Item id="f16f9175f7fc4de9b8cbf5321da53d37" title="Building%20Blocks" itemType="Folder" selected="false" exported="false">
        <Item id="18dfe56237994b1d86d3911ff87a9651" title="Content" itemType="Folder" selected="false" exported="false">
          <Item id="bc37f2b99e914fc880acbf04135d7779" title="demo" itemType="Folder" selected="false" exported="false">
            <Item id="d390436bbf714e5bacc8a9846ecb449d" title="Banners" itemType="Folder" selected="false" exported="false">
              <Item id="d6867e6fc6e0492ea55191b703e450c0" title="Homepage%20Banner" extension="xml" itemType="Component" selected="false" exported="false" />
            </Item>
            <Item id="41a8bf0e8a194387966785ad60c63b5f" title="Products" itemType="Folder" selected="false" exported="false">
              <Item id="e2d4eb81e2604bb8af7a1cf9b4fa5651" title="LightSolar%20CI%20Offering" extension="xml" itemType="Component" selected="false" exported="false" />
              <Item id="3a0a1a3af21f44b19fe06e75214e4181" title="LightSolar%20CII%20Offering" extension="xml" itemType="Component" selected="false" exported="false" />
              <Item id="72329e51af864418ab1b0564d6a92554" title="LightSolar%20RI%20Offering" extension="xml" itemType="Component" selected="false" exported="false" />
            </Item>
            <Item id="eaae97e5d4c24f9b9cfdbda3d970abfd" title="Find%20An%20Installer" extension="xml" itemType="Component" selected="false" exported="false" />
            <Item id="68359fbce82049cea017a48153e5d7eb" title="Newsroom" extension="xml" itemType="Component" selected="false" exported="false" />
            <Item id="2570530170a74ef0bae6b8a76c36ef47" title="Savings%20and%20Discounts" extension="xml" itemType="Component" selected="false" exported="false" />
          </Item>
        </Item>
        <Item id="8a45deb0503f44cc854b44e7c2e77811" title="Forms" itemType="Folder" selected="false" exported="false">
          <Item id="f15194ade6ad4d3e83a54f94de193f5b" title="Request%20Information" extension="xml" itemType="Component" selected="false" exported="false" />
        </Item>
        <Item id="07d3184929094daaaf93e1b9d18ecf7f" title="Modules" itemType="Folder" selected="false" exported="false">
          <Item id="f18426a241924a40a9615504127e1980" title="ExperienceOptimization" itemType="Folder" selected="false" exported="false">
            <Item id="8af1b471f6a345c0aa83712a1bd6585d" title="Editor" itemType="Folder" selected="false" exported="false">
              <Item id="e22754dd8fcd4bc7b30dfb7b04bd3f80" title="Schemas" itemType="Folder" selected="false" exported="false">
                <Item id="1ed71fc3b5d54e7184a7b34bf1023284" title="Region" itemType="Folder" selected="false" exported="false">
                  <Item id="39f279b9cb6e4779a7e7bfc1ae710379" title="%5BSmartTarget%3AHero%5D%20Onedemo%20Region" extension="xsd" itemType="Schema" selected="false" exported="false" />
                </Item>
              </Item>
              <Item id="55ef1471378145e68a8a2aba2611041a" title="Templates" itemType="Folder" selected="false" exported="false">
                <Item id="3e94936099a4467480111ed2cc806e4d" title="Hero%20%5BSmartTarget%3AHero%5D" extension="tctcmp" itemType="ComponentTemplate" selected="false" exported="false" />
              </Item>
            </Item>
          </Item>
          <Item id="d64264df42f843d2bf62ba12b654f8b5" title="IntegrationForm" itemType="Folder" selected="false" exported="false">
            <Item id="cda5827dccc543c3ba1a439f2ce23c39" title="Editor" itemType="Folder" selected="false" exported="false">
              <Item id="73cae564d92743b49bcf9b985314d95a" title="Templates" itemType="Folder" selected="false" exported="false">
                <Item id="6f523325e1c24ea2bccde2467a5f8276" title="Request%20Info" extension="tctcmp" itemType="ComponentTemplate" selected="false" exported="false" />
              </Item>
            </Item>
          </Item>
          <Item id="6c57af4f8c514639aa9f08794d69b2b4" title="onedemo" itemType="Folder" selected="false" exported="false">
            <Item id="dfaca645296d4a828a00344247b25f10" title="Editor" itemType="Folder" selected="false" exported="false">
              <Item id="7627fbc7c9b94501b862771ea420e3b2" title="Schemas" itemType="Folder" selected="false" exported="false">
                <Item id="9f6b9bfbfb6e4f76b75ac410b6e9a101" title="Page%20Schemas" itemType="Folder" selected="false" exported="false">
                  <Item id="9f43986f81284abcb2c65517e22735ba" title="Onedemo%20SmartTarget%20Home%20Page" extension="xsd" itemType="Schema" selected="false" exported="false" />
                </Item>
                <Item id="691a9555bffd40999c4c8b49c40ce28a" title="Region%20Schemas" itemType="Folder" selected="false" exported="false">
                  <Item id="683f015c686f4cc68987ec29ad635f6e" title="%5BOnedemo%3ACampaigns%5D%20Region" extension="xsd" itemType="Schema" selected="false" exported="false" />
                  <Item id="3ebf280fffbe4a7985eb5f31ae3e1e43" title="%5BOnedemo%3AFindAnInstaller%5D%20Region" extension="xsd" itemType="Schema" selected="false" exported="false" />
                  <Item id="66eb406c0e2e4a488b2de5afdc783270" title="%5BOnedemo%3ANewsroom%5D%20Region" extension="xsd" itemType="Schema" selected="false" exported="false" />
                  <Item id="df0ebe18e94748eb8b67bb499b575a7a" title="%5BOnedemo%3AProductlist%5D%20Region" extension="xsd" itemType="Schema" selected="false" exported="false" />
                </Item>
              </Item>
              <Item id="8fd6b384fd0545328d6c65676a529de3" title="Templates" itemType="Folder" selected="false" exported="false">
                <Item id="b60f9e1df8354bf1bc9311c13400db30" title="Campaigns" extension="tctcmp" itemType="ComponentTemplate" selected="false" exported="false" />
                <Item id="d8222b8682884dea83c00a92a5585683" title="Find%20An%20Installer" extension="tctcmp" itemType="ComponentTemplate" selected="false" exported="false" />
                <Item id="d4b52ffa47114cfb82afb288d502838b" title="News%20Room" extension="tctcmp" itemType="ComponentTemplate" selected="false" exported="false" />
                <Item id="907b8a1f2afb45b4910d252c09a40250" title="Onedemo%20XO%20Home%20Page" extension="tptcmp" itemType="PageTemplate" selected="false" exported="false" />
                <Item id="adb9b95e37fa4e04934f4394c57e2e70" title="Product%20List%20Item" extension="tctcmp" itemType="ComponentTemplate" selected="false" exported="false" />
              </Item>
            </Item>
          </Item>
        </Item>
      </Item>
      <Item id="a38de750a3654b86a2f173b091f40892" title="Home" itemType="StructureGroup" selected="false" exported="false">
        <Item id="tcm:7-6510-64" title="sfmc" extension="tpg" itemType="Page" blueprintStatus="LocalItem" selected="true" exported="true" />
      </Item>
    </Item>
  </Item>
</Index>