<Mappings xmlns="http://www.sdltridion.com/ContentManager/ImportExport/Package/2013">
  <ItemSet role="Publication">
    <Mapping exportTitle="500%20www%20en-US" importTitle="" />
  </ItemSet>
  <ItemSet role="Folder">
    <Mapping exportContext="/500%20www%20en-US" exportTitle="Building%20Blocks" importContext="" importTitle="" />
    <Mapping exportContext="/500%20www%20en-US/Building%20Blocks" exportTitle="Content" importContext="" importTitle="" />
    <Mapping exportContext="/500%20www%20en-US/Building%20Blocks/Content" exportTitle="demo" importContext="" importTitle="" />
    <Mapping exportContext="/500%20www%20en-US/Building%20Blocks/Content/demo" exportTitle="Banners" importContext="" importTitle="" />
    <Mapping exportContext="/500%20www%20en-US/Building%20Blocks/Content/demo" exportTitle="Products" importContext="" importTitle="" />
    <Mapping exportContext="/500%20www%20en-US/Building%20Blocks" exportTitle="Forms" importContext="" importTitle="" />
    <Mapping exportContext="/500%20www%20en-US/Building%20Blocks" exportTitle="Modules" importContext="" importTitle="" />
    <Mapping exportContext="/500%20www%20en-US/Building%20Blocks/Modules" exportTitle="ExperienceOptimization" importContext="" importTitle="" />
    <Mapping exportContext="/500%20www%20en-US/Building%20Blocks/Modules/ExperienceOptimization" exportTitle="Editor" importContext="" importTitle="" />
    <Mapping exportContext="/500%20www%20en-US/Building%20Blocks/Modules/ExperienceOptimization/Editor" exportTitle="Schemas" importContext="" importTitle="" />
    <Mapping exportContext="/500%20www%20en-US/Building%20Blocks/Modules/ExperienceOptimization/Editor/Schemas" exportTitle="Region" importContext="" importTitle="" />
    <Mapping exportContext="/500%20www%20en-US/Building%20Blocks/Modules/ExperienceOptimization/Editor" exportTitle="Templates" importContext="" importTitle="" />
    <Mapping exportContext="/500%20www%20en-US/Building%20Blocks/Modules" exportTitle="IntegrationForm" importContext="" importTitle="" />
    <Mapping exportContext="/500%20www%20en-US/Building%20Blocks/Modules/IntegrationForm" exportTitle="Editor" importContext="" importTitle="" />
    <Mapping exportContext="/500%20www%20en-US/Building%20Blocks/Modules/IntegrationForm/Editor" exportTitle="Templates" importContext="" importTitle="" />
    <Mapping exportContext="/500%20www%20en-US/Building%20Blocks/Modules" exportTitle="onedemo" importContext="" importTitle="" />
    <Mapping exportContext="/500%20www%20en-US/Building%20Blocks/Modules/onedemo" exportTitle="Editor" importContext="" importTitle="" />
    <Mapping exportContext="/500%20www%20en-US/Building%20Blocks/Modules/onedemo/Editor" exportTitle="Schemas" importContext="" importTitle="" />
    <Mapping exportContext="/500%20www%20en-US/Building%20Blocks/Modules/onedemo/Editor/Schemas" exportTitle="Page%20Schemas" importContext="" importTitle="" />
    <Mapping exportContext="/500%20www%20en-US/Building%20Blocks/Modules/onedemo/Editor/Schemas" exportTitle="Region%20Schemas" importContext="" importTitle="" />
    <Mapping exportContext="/500%20www%20en-US/Building%20Blocks/Modules/onedemo/Editor" exportTitle="Templates" importContext="" importTitle="" />
  </ItemSet>
  <ItemSet role="StructureGroup">
    <Mapping exportContext="/500%20www%20en-US" exportTitle="Home" importContext="" importTitle="" />
  </ItemSet>
  <ItemSet role="Schema">
    <Mapping exportContext="/500%20www%20en-US/Building%20Blocks/Modules/ExperienceOptimization/Editor/Schemas/Region" exportTitle="%5BSmartTarget%3AHero%5D%20Onedemo%20Region.xsd" importContext="" importTitle="" />
    <Mapping exportContext="/500%20www%20en-US/Building%20Blocks/Modules/onedemo/Editor/Schemas/Page%20Schemas" exportTitle="Onedemo%20SmartTarget%20Home%20Page.xsd" importContext="" importTitle="" />
    <Mapping exportContext="/500%20www%20en-US/Building%20Blocks/Modules/onedemo/Editor/Schemas/Region%20Schemas" exportTitle="%5BOnedemo%3ACampaigns%5D%20Region.xsd" importContext="" importTitle="" />
    <Mapping exportContext="/500%20www%20en-US/Building%20Blocks/Modules/onedemo/Editor/Schemas/Region%20Schemas" exportTitle="%5BOnedemo%3AFindAnInstaller%5D%20Region.xsd" importContext="" importTitle="" />
    <Mapping exportContext="/500%20www%20en-US/Building%20Blocks/Modules/onedemo/Editor/Schemas/Region%20Schemas" exportTitle="%5BOnedemo%3ANewsroom%5D%20Region.xsd" importContext="" importTitle="" />
    <Mapping exportContext="/500%20www%20en-US/Building%20Blocks/Modules/onedemo/Editor/Schemas/Region%20Schemas" exportTitle="%5BOnedemo%3AProductlist%5D%20Region.xsd" importContext="" importTitle="" />
  </ItemSet>
  <ItemSet role="Component">
    <Mapping exportContext="/500%20www%20en-US/Building%20Blocks/Content/demo/Banners" exportTitle="Homepage%20Banner.xml" importContext="" importTitle="" />
    <Mapping exportContext="/500%20www%20en-US/Building%20Blocks/Content/demo" exportTitle="Find%20An%20Installer.xml" importContext="" importTitle="" />
    <Mapping exportContext="/500%20www%20en-US/Building%20Blocks/Content/demo" exportTitle="Newsroom.xml" importContext="" importTitle="" />
    <Mapping exportContext="/500%20www%20en-US/Building%20Blocks/Content/demo/Products" exportTitle="LightSolar%20CI%20Offering.xml" importContext="" importTitle="" />
    <Mapping exportContext="/500%20www%20en-US/Building%20Blocks/Content/demo/Products" exportTitle="LightSolar%20CII%20Offering.xml" importContext="" importTitle="" />
    <Mapping exportContext="/500%20www%20en-US/Building%20Blocks/Content/demo/Products" exportTitle="LightSolar%20RI%20Offering.xml" importContext="" importTitle="" />
    <Mapping exportContext="/500%20www%20en-US/Building%20Blocks/Content/demo" exportTitle="Savings%20and%20Discounts.xml" importContext="" importTitle="" />
    <Mapping exportContext="/500%20www%20en-US/Building%20Blocks/Forms" exportTitle="Request%20Information.xml" importContext="" importTitle="" />
  </ItemSet>
  <ItemSet role="ComponentTemplate">
    <Mapping exportContext="/500%20www%20en-US/Building%20Blocks/Modules/ExperienceOptimization/Editor/Templates" exportTitle="Hero%20%5BSmartTarget%3AHero%5D.tctcmp" importContext="" importTitle="" />
    <Mapping exportContext="/500%20www%20en-US/Building%20Blocks/Modules/IntegrationForm/Editor/Templates" exportTitle="Request%20Info.tctcmp" importContext="" importTitle="" />
    <Mapping exportContext="/500%20www%20en-US/Building%20Blocks/Modules/onedemo/Editor/Templates" exportTitle="Campaigns.tctcmp" importContext="" importTitle="" />
    <Mapping exportContext="/500%20www%20en-US/Building%20Blocks/Modules/onedemo/Editor/Templates" exportTitle="Find%20An%20Installer.tctcmp" importContext="" importTitle="" />
    <Mapping exportContext="/500%20www%20en-US/Building%20Blocks/Modules/onedemo/Editor/Templates" exportTitle="News%20Room.tctcmp" importContext="" importTitle="" />
    <Mapping exportContext="/500%20www%20en-US/Building%20Blocks/Modules/onedemo/Editor/Templates" exportTitle="Product%20List%20Item.tctcmp" importContext="" importTitle="" />
  </ItemSet>
  <ItemSet role="Page">
    <Mapping exportContext="/500%20www%20en-US/Home" exportTitle="sfmc.tpg" importContext="" importTitle="" />
  </ItemSet>
  <ItemSet role="PageTemplate">
    <Mapping exportContext="/500%20www%20en-US/Building%20Blocks/Modules/onedemo/Editor/Templates" exportTitle="Onedemo%20XO%20Home%20Page.tptcmp" importContext="" importTitle="" />
  </ItemSet>
</Mappings>