<Index dataContractVersion="201701" xmlns="http://www.sdltridion.com/ContentManager/ImportExport/Package/2013">
  <Item id="tcm:0-0-0" selected="false" exported="false">
    <Item id="e1168c1eab684003bc1c1b52cae4c643" title="100%20Master" itemType="Publication" selected="false" exported="false">
      <Item id="98932e67939b4ceaae013508a6df98d9" title="Building%20Blocks" itemType="Folder" selected="false" exported="false">
        <Item id="a39d1748c26c4079b8061ad4f9536a5d" title="Default%20Templates" itemType="Folder" selected="false" exported="false">
          <Item id="520783b7f3564673b1a20ffa8367d8f0" title="Experience%20Optimization" itemType="Folder" selected="false" exported="false">
            <Item id="d1a1092248f342649671c4c151a9bdaa" title="Add%20to%20Experience%20Optimization" extension="tbbcs" itemType="TemplateBuildingBlock" selected="false" exported="false" />
          </Item>
        </Item>
        <Item id="93b4a65734d34324af83009e76645347" title="Framework" itemType="Folder" selected="false" exported="false">
          <Item id="3af06071b87f4cb3b2f20f7c5b85ff2c" title="Developer" itemType="Folder" selected="false" exported="false">
            <Item id="4a58eae4127a4d23985ff83423d64c91" title="Schemas" itemType="Folder" selected="false" exported="false">
              <Item id="b8c7de290fae4af0936e0aeadd6814a5" title="Component%20Template%20Metadata" extension="xsd" itemType="Schema" selected="false" exported="false" />
            </Item>
            <Item id="cb3e56cc6a504b75b1d771de7efa5c56" title="Templates" itemType="Folder" selected="false" exported="false">
              <Item id="0eaef0aa574d44e4aceeef5d32752482" title="DXA%2ER2" itemType="Folder" selected="false" exported="false">
                <Item id="e3be5b66fcaa4ec5b5c243182a2977eb" title="Default%20Component%20Template%20Finish%20Actions" extension="tbbcmp" itemType="TemplateBuildingBlock" selected="false" exported="false" />
                <Item id="50d8277bfcdb43d7b2ae599b30b9ae3e" title="Render%20Component%20Content" extension="tbbcmp" itemType="TemplateBuildingBlock" selected="false" exported="false" />
              </Item>
            </Item>
          </Item>
        </Item>
        <Item id="b9a6472674874a76bc5ee8a85f43e528" title="Modules" itemType="Folder" selected="false" exported="false">
          <Item id="662a3dc8691a4ba19f6390b847492721" title="Core" itemType="Folder" selected="false" exported="false">
            <Item id="183601a6cf3448a7bab65267cd3157bd" title="Editor" itemType="Folder" selected="false" exported="false">
              <Item id="2a37789b5ffc429a869a599e2c989d80" title="Schemas" itemType="Folder" selected="false" exported="false">
                <Item id="50de9229f6e547c2bf10b304f9cdd7c1" title="Embedded" itemType="Folder" selected="false" exported="false">
                  <Item id="741d4a8b225f43548ce50b91554b82c8" title="Link" extension="xsd" itemType="Schema" selected="false" exported="false" />
                </Item>
              </Item>
            </Item>
          </Item>
          <Item id="tcm:2-215-2" title="IntegrationForm" itemType="Folder" blueprintStatus="LocalItem" selected="true" exported="true">
            <Item id="tcm:2-216-2" title="Editor" itemType="Folder" blueprintStatus="LocalItem" selected="true" exported="true">
              <Item id="tcm:2-218-2" title="Schemas" itemType="Folder" blueprintStatus="LocalItem" selected="true" exported="true">
                <Item id="tcm:2-1550-8" title="Form%20Field%20Validation%20Metadata" extension="xsd" itemType="Schema" subtype="2" blueprintStatus="LocalItem" selected="true" exported="true" />
                <Item id="tcm:2-1551-8" title="Form%20Field" extension="xsd" itemType="Schema" subtype="2" blueprintStatus="LocalItem" selected="true" exported="true" />
                <Item id="tcm:2-2593-8" title="Integration%20Field" extension="xsd" itemType="Schema" subtype="2" blueprintStatus="LocalItem" selected="true" exported="true" />
                <Item id="tcm:2-1552-8" title="Integration%20Form" extension="xsd" itemType="Schema" blueprintStatus="LocalItem" selected="true" exported="true" />
                <Item id="tcm:2-2594-8" title="Invisible%20Form%20Widget" extension="xsd" itemType="Schema" blueprintStatus="LocalItem" selected="true" exported="true" />
                <Item id="tcm:2-1549-8" title="Static%20Form%20Field" extension="xsd" itemType="Schema" subtype="2" blueprintStatus="LocalItem" selected="true" exported="true" />
              </Item>
              <Item id="tcm:2-217-2" title="Templates" itemType="Folder" blueprintStatus="LocalItem" selected="true" exported="true">
                <Item id="tcm:2-2631-32" title="Ecl%20Form" extension="tctcmp" itemType="ComponentTemplate" blueprintStatus="LocalItem" selected="true" exported="true" />
                <Item id="tcm:2-2614-32" title="Integration%20Form%20%28XO%29" extension="tctcmp" itemType="ComponentTemplate" blueprintStatus="LocalItem" selected="true" exported="true" />
                <Item id="tcm:2-1553-32" title="Integration%20Form" extension="tctcmp" itemType="ComponentTemplate" blueprintStatus="LocalItem" selected="true" exported="true" />
                <Item id="tcm:2-2595-32" title="Invisible%20Form%20Widget" extension="tctcmp" itemType="ComponentTemplate" blueprintStatus="LocalItem" selected="true" exported="true" />
              </Item>
            </Item>
          </Item>
        </Item>
        <Item id="f91f0f53a273404084f48ec60a8344b9" title="Stubs" itemType="Folder" selected="false" exported="false">
          <Item id="ae856da705904293a730ba50c498dc35" title="ExternalContentLibraryStubSchema-marketo" extension="xsd" itemType="Schema" selected="false" exported="false" />
          <Item id="ebd2b4b3939f4c6bb7218b603244b6b7" title="ExternalContentLibraryStubSchema-sfmc" extension="xsd" itemType="Schema" selected="false" exported="false" />
        </Item>
      </Item>
      <Item id="01a42016d17e4909ac97be474b8cdc3e" title="Integration%20Form%20Field%20Validation" itemType="Category" selected="false" exported="false" />
    </Item>
    <Item id="56cfe273c2ff437895cacb269f73740b" title="300%20English" itemType="Publication" selected="false" exported="false">
      <Item id="1bef39db08134980b59bdf9361646fe5" title="Building%20Blocks" itemType="Folder" selected="false" exported="false">
        <Item id="55bbca0032f04296af01ee1bd2617cc9" title="Modules" itemType="Folder" selected="false" exported="false">
          <Item id="tcm:6-215-2" title="IntegrationForm" itemType="Folder" blueprintStatus="SharedItem" selected="true" exported="true">
            <Item id="tcm:6-216-2" title="Editor" itemType="Folder" blueprintStatus="SharedItem" selected="true" exported="true">
              <Item id="tcm:6-218-2" title="Schemas" itemType="Folder" blueprintStatus="SharedItem" selected="true" exported="true">
                <Item id="tcm:6-1550-8" title="Form%20Field%20Validation%20Metadata" extension="xsd" itemType="Schema" subtype="2" blueprintStatus="SharedItem" selected="true" exported="true" />
                <Item id="tcm:6-1551-8" title="Form%20Field" extension="xsd" itemType="Schema" subtype="2" blueprintStatus="SharedItem" selected="true" exported="true" />
                <Item id="tcm:6-2593-8" title="Integration%20Field" extension="xsd" itemType="Schema" subtype="2" blueprintStatus="SharedItem" selected="true" exported="true" />
                <Item id="tcm:6-1552-8" title="Integration%20Form" extension="xsd" itemType="Schema" blueprintStatus="SharedItem" selected="true" exported="true" />
                <Item id="tcm:6-2594-8" title="Invisible%20Form%20Widget" extension="xsd" itemType="Schema" blueprintStatus="SharedItem" selected="true" exported="true" />
                <Item id="tcm:6-1549-8" title="Static%20Form%20Field" extension="xsd" itemType="Schema" subtype="2" blueprintStatus="SharedItem" selected="true" exported="true" />
              </Item>
              <Item id="tcm:6-217-2" title="Templates" itemType="Folder" blueprintStatus="SharedItem" selected="true" exported="true">
                <Item id="tcm:6-2631-32" title="Ecl%20Form" extension="tctcmp" itemType="ComponentTemplate" blueprintStatus="SharedItem" selected="true" exported="true" />
                <Item id="tcm:6-2614-32" title="Integration%20Form%20%28XO%29" extension="tctcmp" itemType="ComponentTemplate" blueprintStatus="SharedItem" selected="true" exported="true" />
                <Item id="tcm:6-1553-32" title="Integration%20Form" extension="tctcmp" itemType="ComponentTemplate" blueprintStatus="SharedItem" selected="true" exported="true" />
                <Item id="tcm:6-2595-32" title="Invisible%20Form%20Widget" extension="tctcmp" itemType="ComponentTemplate" blueprintStatus="SharedItem" selected="true" exported="true" />
              </Item>
            </Item>
          </Item>
        </Item>
      </Item>
    </Item>
  </Item>
</Index>