<Mappings xmlns="http://www.sdltridion.com/ContentManager/ImportExport/Package/2013">
  <ItemSet role="Publication">
    <Mapping exportTitle="100%20Master" importTitle="" />
    <Mapping exportTitle="300%20English" importTitle="" />
  </ItemSet>
  <ItemSet role="Folder">
    <Mapping exportContext="/100%20Master" exportTitle="Building%20Blocks" importContext="" importTitle="" />
    <Mapping exportContext="/100%20Master/Building%20Blocks" exportTitle="Default%20Templates" importContext="" importTitle="" />
    <Mapping exportContext="/100%20Master/Building%20Blocks/Default%20Templates" exportTitle="Experience%20Optimization" importContext="" importTitle="" />
    <Mapping exportContext="/100%20Master/Building%20Blocks" exportTitle="Framework" importContext="" importTitle="" />
    <Mapping exportContext="/100%20Master/Building%20Blocks/Framework" exportTitle="Developer" importContext="" importTitle="" />
    <Mapping exportContext="/100%20Master/Building%20Blocks/Framework/Developer" exportTitle="Schemas" importContext="" importTitle="" />
    <Mapping exportContext="/100%20Master/Building%20Blocks/Framework/Developer" exportTitle="Templates" importContext="" importTitle="" />
    <Mapping exportContext="/100%20Master/Building%20Blocks/Framework/Developer/Templates" exportTitle="DXA%2ER2" importContext="" importTitle="" />
    <Mapping exportContext="/100%20Master/Building%20Blocks" exportTitle="Modules" importContext="" importTitle="" />
    <Mapping exportContext="/100%20Master/Building%20Blocks/Modules" exportTitle="Core" importContext="" importTitle="" />
    <Mapping exportContext="/100%20Master/Building%20Blocks/Modules/Core" exportTitle="Editor" importContext="" importTitle="" />
    <Mapping exportContext="/100%20Master/Building%20Blocks/Modules/Core/Editor" exportTitle="Schemas" importContext="" importTitle="" />
    <Mapping exportContext="/100%20Master/Building%20Blocks/Modules/Core/Editor/Schemas" exportTitle="Embedded" importContext="" importTitle="" />
    <Mapping exportContext="/100%20Master/Building%20Blocks/Modules" exportTitle="IntegrationForm" importContext="" importTitle="" />
    <Mapping exportContext="/100%20Master/Building%20Blocks/Modules/IntegrationForm" exportTitle="Editor" importContext="" importTitle="" />
    <Mapping exportContext="/100%20Master/Building%20Blocks/Modules/IntegrationForm/Editor" exportTitle="Schemas" importContext="" importTitle="" />
    <Mapping exportContext="/100%20Master/Building%20Blocks/Modules/IntegrationForm/Editor" exportTitle="Templates" importContext="" importTitle="" />
    <Mapping exportContext="/100%20Master/Building%20Blocks" exportTitle="Stubs" importContext="" importTitle="" />
    <Mapping exportContext="/300%20English" exportTitle="Building%20Blocks" importContext="" importTitle="" />
    <Mapping exportContext="/300%20English/Building%20Blocks" exportTitle="Modules" importContext="" importTitle="" />
    <Mapping exportContext="/300%20English/Building%20Blocks/Modules" exportTitle="IntegrationForm" importContext="" importTitle="" />
    <Mapping exportContext="/300%20English/Building%20Blocks/Modules/IntegrationForm" exportTitle="Editor" importContext="" importTitle="" />
    <Mapping exportContext="/300%20English/Building%20Blocks/Modules/IntegrationForm/Editor" exportTitle="Schemas" importContext="" importTitle="" />
    <Mapping exportContext="/300%20English/Building%20Blocks/Modules/IntegrationForm/Editor" exportTitle="Templates" importContext="" importTitle="" />
  </ItemSet>
  <ItemSet role="Schema">
    <Mapping exportContext="/100%20Master/Building%20Blocks/Framework/Developer/Schemas" exportTitle="Component%20Template%20Metadata.xsd" importContext="" importTitle="" />
    <Mapping exportContext="/100%20Master/Building%20Blocks/Modules/Core/Editor/Schemas/Embedded" exportTitle="Link.xsd" importContext="" importTitle="" />
    <Mapping exportContext="/100%20Master/Building%20Blocks/Modules/IntegrationForm/Editor/Schemas" exportTitle="Form%20Field%20Validation%20Metadata.xsd" importContext="" importTitle="" />
    <Mapping exportContext="/100%20Master/Building%20Blocks/Modules/IntegrationForm/Editor/Schemas" exportTitle="Form%20Field.xsd" importContext="" importTitle="" />
    <Mapping exportContext="/100%20Master/Building%20Blocks/Modules/IntegrationForm/Editor/Schemas" exportTitle="Integration%20Field.xsd" importContext="" importTitle="" />
    <Mapping exportContext="/100%20Master/Building%20Blocks/Modules/IntegrationForm/Editor/Schemas" exportTitle="Integration%20Form.xsd" importContext="" importTitle="" />
    <Mapping exportContext="/100%20Master/Building%20Blocks/Modules/IntegrationForm/Editor/Schemas" exportTitle="Invisible%20Form%20Widget.xsd" importContext="" importTitle="" />
    <Mapping exportContext="/100%20Master/Building%20Blocks/Modules/IntegrationForm/Editor/Schemas" exportTitle="Static%20Form%20Field.xsd" importContext="" importTitle="" />
    <Mapping exportContext="/100%20Master/Building%20Blocks/Stubs" exportTitle="ExternalContentLibraryStubSchema-marketo.xsd" importContext="" importTitle="" />
    <Mapping exportContext="/100%20Master/Building%20Blocks/Stubs" exportTitle="ExternalContentLibraryStubSchema-sfmc.xsd" importContext="" importTitle="" />
    <Mapping exportContext="/300%20English/Building%20Blocks/Modules/IntegrationForm/Editor/Schemas" exportTitle="Form%20Field%20Validation%20Metadata.xsd" importContext="" importTitle="" />
    <Mapping exportContext="/300%20English/Building%20Blocks/Modules/IntegrationForm/Editor/Schemas" exportTitle="Form%20Field.xsd" importContext="" importTitle="" />
    <Mapping exportContext="/300%20English/Building%20Blocks/Modules/IntegrationForm/Editor/Schemas" exportTitle="Integration%20Field.xsd" importContext="" importTitle="" />
    <Mapping exportContext="/300%20English/Building%20Blocks/Modules/IntegrationForm/Editor/Schemas" exportTitle="Integration%20Form.xsd" importContext="" importTitle="" />
    <Mapping exportContext="/300%20English/Building%20Blocks/Modules/IntegrationForm/Editor/Schemas" exportTitle="Invisible%20Form%20Widget.xsd" importContext="" importTitle="" />
    <Mapping exportContext="/300%20English/Building%20Blocks/Modules/IntegrationForm/Editor/Schemas" exportTitle="Static%20Form%20Field.xsd" importContext="" importTitle="" />
  </ItemSet>
  <ItemSet role="ComponentTemplate">
    <Mapping exportContext="/100%20Master/Building%20Blocks/Modules/IntegrationForm/Editor/Templates" exportTitle="Ecl%20Form.tctcmp" importContext="" importTitle="" />
    <Mapping exportContext="/100%20Master/Building%20Blocks/Modules/IntegrationForm/Editor/Templates" exportTitle="Integration%20Form%20%28XO%29.tctcmp" importContext="" importTitle="" />
    <Mapping exportContext="/100%20Master/Building%20Blocks/Modules/IntegrationForm/Editor/Templates" exportTitle="Integration%20Form.tctcmp" importContext="" importTitle="" />
    <Mapping exportContext="/100%20Master/Building%20Blocks/Modules/IntegrationForm/Editor/Templates" exportTitle="Invisible%20Form%20Widget.tctcmp" importContext="" importTitle="" />
    <Mapping exportContext="/300%20English/Building%20Blocks/Modules/IntegrationForm/Editor/Templates" exportTitle="Ecl%20Form.tctcmp" importContext="" importTitle="" />
    <Mapping exportContext="/300%20English/Building%20Blocks/Modules/IntegrationForm/Editor/Templates" exportTitle="Integration%20Form%20%28XO%29.tctcmp" importContext="" importTitle="" />
    <Mapping exportContext="/300%20English/Building%20Blocks/Modules/IntegrationForm/Editor/Templates" exportTitle="Integration%20Form.tctcmp" importContext="" importTitle="" />
    <Mapping exportContext="/300%20English/Building%20Blocks/Modules/IntegrationForm/Editor/Templates" exportTitle="Invisible%20Form%20Widget.tctcmp" importContext="" importTitle="" />
  </ItemSet>
  <ItemSet role="Category">
    <Mapping exportContext="/100%20Master" exportTitle="Integration%20Form%20Field%20Validation" importContext="" importTitle="" />
  </ItemSet>
  <ItemSet role="TemplateBuildingBlock">
    <Mapping exportContext="/100%20Master/Building%20Blocks/Default%20Templates/Experience%20Optimization" exportTitle="Add%20to%20Experience%20Optimization.tbbcs" importContext="" importTitle="" />
    <Mapping exportContext="/100%20Master/Building%20Blocks/Framework/Developer/Templates/DXA%2ER2" exportTitle="Default%20Component%20Template%20Finish%20Actions.tbbcmp" importContext="" importTitle="" />
    <Mapping exportContext="/100%20Master/Building%20Blocks/Framework/Developer/Templates/DXA%2ER2" exportTitle="Render%20Component%20Content.tbbcmp" importContext="" importTitle="" />
  </ItemSet>
</Mappings>