<PackageItem xmlns:tcm="http://www.tridion.com/ContentManager/5.0" xmlns:xlink="http://www.w3.org/1999/xlink" xmlns:xsd="http://www.w3.org/2001/XMLSchema" xmlns="http://www.sdltridion.com/ContentManager/ImportExport/Package/2013">
  <Data>
    <tcm:Data xmlns:tcmi="http://www.tridion.com/ContentManager/5.0/Instance" xmlns:xlink="http://www.w3.org/1999/xlink" xmlns:i="http://www.w3.org/2001/XMLSchema-instance">
      <tcm:Title>ExternalContentLibraryStubSchema-marketo</tcm:Title>
      <tcm:Description>ExternalContentLibraryStubSchema-marketo</tcm:Description>
      <tcm:Purpose>Multimedia</tcm:Purpose>
      <tcm:NamespaceURI>uuid:aac0a77a-acd7-46e0-9076-2b8437b763c5</tcm:NamespaceURI>
      <tcm:IsIndexable>false</tcm:IsIndexable>
      <tcm:IsPublishable>false</tcm:IsPublishable>
      <tcm:RootElementName />
      <tcm:IsTridionWebSchema>true</tcm:IsTridionWebSchema>
      <tcm:XSD>
        <xsd:schema xmlns:xsd="http://www.w3.org/2001/XMLSchema" xmlns="uuid:aac0a77a-acd7-46e0-9076-2b8437b763c5" xmlns:tcmi="http://www.tridion.com/ContentManager/5.0/Instance" elementFormDefault="qualified" targetNamespace="uuid:aac0a77a-acd7-46e0-9076-2b8437b763c5">
          <xsd:import namespace="http://www.tridion.com/ContentManager/5.0/Instance" schemaLocation="/webdav/cm_xml_inst.xsd" />
          <xsd:annotation>
            <xsd:appinfo>
              <tcm:Labels xmlns:tcm="http://www.tridion.com/ContentManager/5.0" />
            </xsd:appinfo>
          </xsd:annotation>
        </xsd:schema>
      </tcm:XSD>
      <tcm:AllowedMultimediaTypes>
        <tcm:AllowedMultimediaType xlink:type="simple" xlink:title="External Content Library" xlink:href="tcm:0-22-65544" />
      </tcm:AllowedMultimediaTypes>
      <tcm:ComponentProcess xlink:type="simple" xlink:title="" xlink:href="tcm:0-0-0" />
      <tcm:BundleProcess xlink:type="simple" xlink:title="" xlink:href="tcm:0-0-0" />
      <tcm:DeleteBundleOnProcessFinished>false</tcm:DeleteBundleOnProcessFinished>
    </tcm:Data>
  </Data>
  <Dependencies>
    <Dependency dependencyType="Publication" itemUrl="/webdav/100%20Master" linkName="LocationInfo/ContextRepository" />
    <Dependency dependencyType="OrganizationalItemFolder" itemUrl="/webdav/100%20Master/Building%20Blocks/Stubs" linkName="LocationInfo/OrganizationalItem" />
    <Dependency dependencyType="AllowedMultimediaType" itemUrl="/webdav//External%20Content%20Library.tmt" linkName="AllowedMultimediaTypes[0]" />
  </Dependencies>
</PackageItem>