<Index dataContractVersion="201701" xmlns="http://www.sdltridion.com/ContentManager/ImportExport/Package/2013">
  <Item id="tcm:0-0-0" selected="false" exported="false">
    <Item id="a40efab3d962443787247e0bdfe90974" title="300%20English" itemType="Publication" selected="false" exported="false">
      <Item id="46bfa09f542e4134a9d3f68427c42048" title="Building%20Blocks" itemType="Folder" selected="false" exported="false">
        <Item id="dbbafc876015417194fc78076d0ec0cd" title="Modules" itemType="Folder" selected="false" exported="false">
          <Item id="22cdf088af1346e5b265f88a962bd194" title="Core" itemType="Folder" selected="false" exported="false">
            <Item id="385d274d450443b68445fdf37eb14570" title="Editor" itemType="Folder" selected="false" exported="false">
              <Item id="31cfecf138254eaba962c0ee9b8a3caa" title="Templates" itemType="Folder" selected="false" exported="false">
                <Item id="870b4c912aec41be9ab92c71850cdef6" title="Carousel" extension="tctcmp" itemType="ComponentTemplate" selected="false" exported="false" />
              </Item>
            </Item>
          </Item>
          <Item id="bc886cc33a2e421eb8d1031596f90ced" title="ExperienceOptimization" itemType="Folder" selected="false" exported="false">
            <Item id="d6e42d8ce3c845e9ab3eebf8c27e1c42" title="Editor" itemType="Folder" selected="false" exported="false">
              <Item id="74912dcf9d364afda95c9c24704e990d" title="Schemas" itemType="Folder" selected="false" exported="false">
                <Item id="4a9c4c2661784f6d8c7d77606332bcba" title="Region" itemType="Folder" selected="false" exported="false">
                  <Item id="tcm:6-561-8" title="%5BSmartTarget%3AHero%5D%20Onedemo%20Region" extension="xsd" itemType="Schema" subtype="8" blueprintStatus="LocalItem" selected="true" exported="true" />
                </Item>
              </Item>
              <Item id="04e329039d2e429dad46619a3eef642c" title="Templates" itemType="Folder" selected="false" exported="false">
                <Item id="7f16feb3ec894688a201f7ac0030983d" title="Hero%20%5BSmartTarget%3AHero%5D" extension="tctcmp" itemType="ComponentTemplate" selected="false" exported="false" />
              </Item>
            </Item>
          </Item>
          <Item id="4624c7bbf9cf433fa47f8339439ebadd" title="IntegrationForm" itemType="Folder" selected="false" exported="false">
            <Item id="cde21178ee3c4085851097a6d979246a" title="Editor" itemType="Folder" selected="false" exported="false">
              <Item id="b6e2326a9c8046ea87bc49822acd36aa" title="Schemas" itemType="Folder" selected="false" exported="false">
                <Item id="22a709ae53224b2e983ee3188ada1105" title="Integration%20Form" extension="xsd" itemType="Schema" selected="false" exported="false" />
              </Item>
              <Item id="aa8f3341e64040b5b43cc1a97e3e4903" title="Templates" itemType="Folder" selected="false" exported="false">
                <Item id="82849b4665bb4211a6eb80fa9f95220f" title="Request%20Info" extension="tctcmp" itemType="ComponentTemplate" selected="false" exported="false" />
              </Item>
            </Item>
          </Item>
          <Item id="d758460d3a504597afe9df8dda86c97a" title="onedemo" itemType="Folder" selected="false" exported="false">
            <Item id="8b3ccd26db834d758b9cc524a595d43a" title="Editor" itemType="Folder" selected="false" exported="false">
              <Item id="fb97e5edf8e4421b8a2f20a079a71ba2" title="Schemas" itemType="Folder" selected="false" exported="false">
                <Item id="42e662ce9f9f4506b15171f3c2d1b31d" title="Region%20Schemas" itemType="Folder" selected="false" exported="false">
                  <Item id="1df5ed19bd9a42679029a29403a0e187" title="%5BOnedemo%3AFindAnInstaller%5D%20Region" extension="xsd" itemType="Schema" selected="false" exported="false" />
                </Item>
              </Item>
              <Item id="3255e0b5f394433a8f814e6b392eca29" title="Templates" itemType="Folder" selected="false" exported="false">
                <Item id="3503ee0065134b15b599d58027f248c2" title="Homepage%20Banner" extension="tctcmp" itemType="ComponentTemplate" selected="false" exported="false" />
              </Item>
            </Item>
          </Item>
        </Item>
      </Item>
    </Item>
  </Item>
</Index>