<Mappings xmlns="http://www.sdltridion.com/ContentManager/ImportExport/Package/2013">
  <ItemSet role="Publication">
    <Mapping exportTitle="300%20English" importTitle="" />
  </ItemSet>
  <ItemSet role="Folder">
    <Mapping exportContext="/300%20English" exportTitle="Building%20Blocks" importContext="" importTitle="" />
    <Mapping exportContext="/300%20English/Building%20Blocks" exportTitle="Modules" importContext="" importTitle="" />
    <Mapping exportContext="/300%20English/Building%20Blocks/Modules" exportTitle="Core" importContext="" importTitle="" />
    <Mapping exportContext="/300%20English/Building%20Blocks/Modules/Core" exportTitle="Editor" importContext="" importTitle="" />
    <Mapping exportContext="/300%20English/Building%20Blocks/Modules/Core/Editor" exportTitle="Templates" importContext="" importTitle="" />
    <Mapping exportContext="/300%20English/Building%20Blocks/Modules" exportTitle="ExperienceOptimization" importContext="" importTitle="" />
    <Mapping exportContext="/300%20English/Building%20Blocks/Modules/ExperienceOptimization" exportTitle="Editor" importContext="" importTitle="" />
    <Mapping exportContext="/300%20English/Building%20Blocks/Modules/ExperienceOptimization/Editor" exportTitle="Schemas" importContext="" importTitle="" />
    <Mapping exportContext="/300%20English/Building%20Blocks/Modules/ExperienceOptimization/Editor/Schemas" exportTitle="Region" importContext="" importTitle="" />
    <Mapping exportContext="/300%20English/Building%20Blocks/Modules/ExperienceOptimization/Editor" exportTitle="Templates" importContext="" importTitle="" />
    <Mapping exportContext="/300%20English/Building%20Blocks/Modules" exportTitle="IntegrationForm" importContext="" importTitle="" />
    <Mapping exportContext="/300%20English/Building%20Blocks/Modules/IntegrationForm" exportTitle="Editor" importContext="" importTitle="" />
    <Mapping exportContext="/300%20English/Building%20Blocks/Modules/IntegrationForm/Editor" exportTitle="Schemas" importContext="" importTitle="" />
    <Mapping exportContext="/300%20English/Building%20Blocks/Modules/IntegrationForm/Editor" exportTitle="Templates" importContext="" importTitle="" />
    <Mapping exportContext="/300%20English/Building%20Blocks/Modules" exportTitle="onedemo" importContext="" importTitle="" />
    <Mapping exportContext="/300%20English/Building%20Blocks/Modules/onedemo" exportTitle="Editor" importContext="" importTitle="" />
    <Mapping exportContext="/300%20English/Building%20Blocks/Modules/onedemo/Editor" exportTitle="Schemas" importContext="" importTitle="" />
    <Mapping exportContext="/300%20English/Building%20Blocks/Modules/onedemo/Editor/Schemas" exportTitle="Region%20Schemas" importContext="" importTitle="" />
    <Mapping exportContext="/300%20English/Building%20Blocks/Modules/onedemo/Editor" exportTitle="Templates" importContext="" importTitle="" />
  </ItemSet>
  <ItemSet role="Schema">
    <Mapping exportContext="/300%20English/Building%20Blocks/Modules/ExperienceOptimization/Editor/Schemas/Region" exportTitle="%5BSmartTarget%3AHero%5D%20Onedemo%20Region.xsd" importContext="" importTitle="" />
    <Mapping exportContext="/300%20English/Building%20Blocks/Modules/IntegrationForm/Editor/Schemas" exportTitle="Integration%20Form.xsd" importContext="" importTitle="" />
    <Mapping exportContext="/300%20English/Building%20Blocks/Modules/onedemo/Editor/Schemas/Region%20Schemas" exportTitle="%5BOnedemo%3AFindAnInstaller%5D%20Region.xsd" importContext="" importTitle="" />
  </ItemSet>
  <ItemSet role="ComponentTemplate">
    <Mapping exportContext="/300%20English/Building%20Blocks/Modules/Core/Editor/Templates" exportTitle="Carousel.tctcmp" importContext="" importTitle="" />
    <Mapping exportContext="/300%20English/Building%20Blocks/Modules/ExperienceOptimization/Editor/Templates" exportTitle="Hero%20%5BSmartTarget%3AHero%5D.tctcmp" importContext="" importTitle="" />
    <Mapping exportContext="/300%20English/Building%20Blocks/Modules/IntegrationForm/Editor/Templates" exportTitle="Request%20Info.tctcmp" importContext="" importTitle="" />
    <Mapping exportContext="/300%20English/Building%20Blocks/Modules/onedemo/Editor/Templates" exportTitle="Homepage%20Banner.tctcmp" importContext="" importTitle="" />
  </ItemSet>
</Mappings>