<Index dataContractVersion="201701" xmlns="http://www.sdltridion.com/ContentManager/ImportExport/Package/2013">
  <Item id="tcm:0-0-0" selected="false" exported="false">
    <Item id="273c432202924152a668766fcac38863" title="500%20www%20en-US" itemType="Publication" selected="false" exported="false">
      <Item id="3937236da01445aabe97e26af0aa55a1" title="Building%20Blocks" itemType="Folder" selected="false" exported="false">
        <Item id="76f26931493a4cfaa90d9fd82d9ade2d" title="Content" itemType="Folder" selected="false" exported="false">
          <Item id="39ad24dd2fa9449baffbde35500b024f" title="demo" itemType="Folder" selected="false" exported="false">
            <Item id="2eddeb8cf75e4bc3956f4bbe85f63182" title="Banners" itemType="Folder" selected="false" exported="false">
              <Item id="d32df450adb041058d2bdcdc11e1b343" title="Requested%20Info%20Banner" extension="xml" itemType="Component" selected="false" exported="false" />
            </Item>
            <Item id="5090270f7d5243cbbe87a284bc092f5b" title="Related%20Content" extension="xml" itemType="Component" selected="false" exported="false" />
          </Item>
        </Item>
        <Item id="290917bbc1dd431f9c5c721d1a7d1e8a" title="Modules" itemType="Folder" selected="false" exported="false">
          <Item id="8c3e6225fcc140bda5d8e1b234667e3a" title="onedemo" itemType="Folder" selected="false" exported="false">
            <Item id="eda3d915efcf4d68acb2ea3f816807cf" title="Editor" itemType="Folder" selected="false" exported="false">
              <Item id="218e2018f71b458caea39368a0283711" title="Schemas" itemType="Folder" selected="false" exported="false">
                <Item id="a1044b41caad4d0aa30050609f7a6f82" title="Page%20Schemas" itemType="Folder" selected="false" exported="false">
                  <Item id="e82dae5eea2f427cb7414b671d48976b" title="Onedemo%20Products%20Page" extension="xsd" itemType="Schema" selected="false" exported="false" />
                </Item>
                <Item id="3033bd0d3ac94e2dae7f472adf31a1de" title="Region%20Schemas" itemType="Folder" selected="false" exported="false">
                  <Item id="3ce7acb940914a0f878ac5bfaa8a446a" title="%5BOnedemo%3AProductBanner%5D%20Region" extension="xsd" itemType="Schema" selected="false" exported="false" />
                  <Item id="0cd15de5a324401ab3df06ba6a3769b4" title="%5BOnedemo%3ARelatedContent%5D%20Region" extension="xsd" itemType="Schema" selected="false" exported="false" />
                  <Item id="67e85b5e571c486599cec053d12d41f9" title="%5BOnedemo%3ASolarproducts%5D%20Region" extension="xsd" itemType="Schema" selected="false" exported="false" />
                </Item>
              </Item>
              <Item id="c8ecc429e5a14368b37606328a0d3d5c" title="Templates" itemType="Folder" selected="false" exported="false">
                <Item id="213bd1f40fb84d45bf193ced879bcce8" title="Onedemo%20Products%20Page" extension="tptcmp" itemType="PageTemplate" selected="false" exported="false" />
                <Item id="3b626251eb394620958795c23587c831" title="Productpage%20Banner" extension="tctcmp" itemType="ComponentTemplate" selected="false" exported="false" />
                <Item id="aa67d366b1d2460096a9106729a3d8fc" title="Related%20Content" extension="tctcmp" itemType="ComponentTemplate" selected="false" exported="false" />
              </Item>
            </Item>
          </Item>
        </Item>
      </Item>
      <Item id="3bb0d4ffbd064a4ba4e13474054b313a" title="Home" itemType="StructureGroup" selected="false" exported="false">
        <Item id="tcm:7-6500-64" title="Requested%20Information" extension="tpg" itemType="Page" blueprintStatus="LocalItem" selected="true" exported="true" />
      </Item>
    </Item>
  </Item>
</Index>