<Mappings xmlns="http://www.sdltridion.com/ContentManager/ImportExport/Package/2013">
  <ItemSet role="Publication">
    <Mapping exportTitle="500%20www%20en-US" importTitle="" />
  </ItemSet>
  <ItemSet role="Folder">
    <Mapping exportContext="/500%20www%20en-US" exportTitle="Building%20Blocks" importContext="" importTitle="" />
    <Mapping exportContext="/500%20www%20en-US/Building%20Blocks" exportTitle="Content" importContext="" importTitle="" />
    <Mapping exportContext="/500%20www%20en-US/Building%20Blocks/Content" exportTitle="demo" importContext="" importTitle="" />
    <Mapping exportContext="/500%20www%20en-US/Building%20Blocks/Content/demo" exportTitle="Banners" importContext="" importTitle="" />
    <Mapping exportContext="/500%20www%20en-US/Building%20Blocks" exportTitle="Modules" importContext="" importTitle="" />
    <Mapping exportContext="/500%20www%20en-US/Building%20Blocks/Modules" exportTitle="onedemo" importContext="" importTitle="" />
    <Mapping exportContext="/500%20www%20en-US/Building%20Blocks/Modules/onedemo" exportTitle="Editor" importContext="" importTitle="" />
    <Mapping exportContext="/500%20www%20en-US/Building%20Blocks/Modules/onedemo/Editor" exportTitle="Schemas" importContext="" importTitle="" />
    <Mapping exportContext="/500%20www%20en-US/Building%20Blocks/Modules/onedemo/Editor/Schemas" exportTitle="Page%20Schemas" importContext="" importTitle="" />
    <Mapping exportContext="/500%20www%20en-US/Building%20Blocks/Modules/onedemo/Editor/Schemas" exportTitle="Region%20Schemas" importContext="" importTitle="" />
    <Mapping exportContext="/500%20www%20en-US/Building%20Blocks/Modules/onedemo/Editor" exportTitle="Templates" importContext="" importTitle="" />
  </ItemSet>
  <ItemSet role="StructureGroup">
    <Mapping exportContext="/500%20www%20en-US" exportTitle="Home" importContext="" importTitle="" />
  </ItemSet>
  <ItemSet role="Schema">
    <Mapping exportContext="/500%20www%20en-US/Building%20Blocks/Modules/onedemo/Editor/Schemas/Page%20Schemas" exportTitle="Onedemo%20Products%20Page.xsd" importContext="" importTitle="" />
    <Mapping exportContext="/500%20www%20en-US/Building%20Blocks/Modules/onedemo/Editor/Schemas/Region%20Schemas" exportTitle="%5BOnedemo%3AProductBanner%5D%20Region.xsd" importContext="" importTitle="" />
    <Mapping exportContext="/500%20www%20en-US/Building%20Blocks/Modules/onedemo/Editor/Schemas/Region%20Schemas" exportTitle="%5BOnedemo%3ARelatedContent%5D%20Region.xsd" importContext="" importTitle="" />
    <Mapping exportContext="/500%20www%20en-US/Building%20Blocks/Modules/onedemo/Editor/Schemas/Region%20Schemas" exportTitle="%5BOnedemo%3ASolarproducts%5D%20Region.xsd" importContext="" importTitle="" />
  </ItemSet>
  <ItemSet role="Component">
    <Mapping exportContext="/500%20www%20en-US/Building%20Blocks/Content/demo/Banners" exportTitle="Requested%20Info%20Banner.xml" importContext="" importTitle="" />
    <Mapping exportContext="/500%20www%20en-US/Building%20Blocks/Content/demo" exportTitle="Related%20Content.xml" importContext="" importTitle="" />
  </ItemSet>
  <ItemSet role="ComponentTemplate">
    <Mapping exportContext="/500%20www%20en-US/Building%20Blocks/Modules/onedemo/Editor/Templates" exportTitle="Productpage%20Banner.tctcmp" importContext="" importTitle="" />
    <Mapping exportContext="/500%20www%20en-US/Building%20Blocks/Modules/onedemo/Editor/Templates" exportTitle="Related%20Content.tctcmp" importContext="" importTitle="" />
  </ItemSet>
  <ItemSet role="Page">
    <Mapping exportContext="/500%20www%20en-US/Home" exportTitle="Requested%20Information.tpg" importContext="" importTitle="" />
  </ItemSet>
  <ItemSet role="PageTemplate">
    <Mapping exportContext="/500%20www%20en-US/Building%20Blocks/Modules/onedemo/Editor/Templates" exportTitle="Onedemo%20Products%20Page.tptcmp" importContext="" importTitle="" />
  </ItemSet>
</Mappings>