<Index dataContractVersion="201701" xmlns="http://www.sdltridion.com/ContentManager/ImportExport/Package/2013">
  <Item id="tcm:0-0-0" selected="false" exported="false">
    <Item id="6ac1986b04374b37a3b404db6f78d8af" title="300%20English" itemType="Publication" selected="false" exported="false">
      <Item id="c90e4f06d29e4e259732434f1b04b07b" title="Building%20Blocks" itemType="Folder" selected="false" exported="false">
        <Item id="2bac6e22145c4e69ab4dca12d2cd946b" title="Content" itemType="Folder" selected="false" exported="false">
          <Item id="1a2e339ecdbe46f88a2a9fb2ff619803" title="demo" itemType="Folder" selected="false" exported="false">
            <Item id="bd37d55cd296477b842022beba0ceb96" title="Images" itemType="Folder" selected="false" exported="false">
              <Item id="tcm:6-6501" title="solar-panels-on-green-field" extension="jpg" itemType="Component" subtype="1" blueprintStatus="LocalItem" selected="true" exported="true" />
            </Item>
          </Item>
        </Item>
        <Item id="1a0ddeef86b9428aadb5db021e4bd6e4" title="Modules" itemType="Folder" selected="false" exported="false">
          <Item id="8171eafe065949d9910842ca222c115e" title="Core" itemType="Folder" selected="false" exported="false">
            <Item id="f8ce475e185d40a29c6a28c757ab593a" title="Editor" itemType="Folder" selected="false" exported="false">
              <Item id="0c47ea85e4d44684b9c0727d0abf81bc" title="Schemas" itemType="Folder" selected="false" exported="false">
                <Item id="f3a8245f73424d10ae9955dfc6a5f2b4" title="Image" extension="xsd" itemType="Schema" selected="false" exported="false" />
              </Item>
            </Item>
          </Item>
        </Item>
      </Item>
    </Item>
    <Item id="6d46d76a615e436fbe18f9c1f4ad49de" title="500%20www%20en-US" itemType="Publication" selected="false" exported="false">
      <Item id="0d20a27732cc4c709d8c2e9a490ca051" title="Building%20Blocks" itemType="Folder" selected="false" exported="false">
        <Item id="b8ecade1a1bf4c73a0d3249a482de0c0" title="Content" itemType="Folder" selected="false" exported="false">
          <Item id="48351f6f5e0d4f4d90ea4bb47fb32eb7" title="demo" itemType="Folder" selected="false" exported="false">
            <Item id="6a118c3d765a49fcb03ebf27d03e135f" title="Images" itemType="Folder" selected="false" exported="false">
              <Item id="tcm:7-6501" title="solar-panels-on-green-field" extension="jpg" itemType="Component" subtype="1" blueprintStatus="SharedItem" selected="true" exported="true" />
            </Item>
          </Item>
        </Item>
      </Item>
    </Item>
    <Item id="a1111cf8aa004220b8064323d5f7249a" title="Jpeg%20image" extension="tmt" itemType="MultimediaType" selected="false" exported="false" />
  </Item>
</Index>