<Mappings xmlns="http://www.sdltridion.com/ContentManager/ImportExport/Package/2013">
  <ItemSet role="Publication">
    <Mapping exportTitle="300%20English" importTitle="" />
    <Mapping exportTitle="500%20www%20en-US" importTitle="" />
  </ItemSet>
  <ItemSet role="Folder">
    <Mapping exportContext="/300%20English" exportTitle="Building%20Blocks" importContext="" importTitle="" />
    <Mapping exportContext="/300%20English/Building%20Blocks" exportTitle="Content" importContext="" importTitle="" />
    <Mapping exportContext="/300%20English/Building%20Blocks/Content" exportTitle="demo" importContext="" importTitle="" />
    <Mapping exportContext="/300%20English/Building%20Blocks/Content/demo" exportTitle="Images" importContext="" importTitle="" />
    <Mapping exportContext="/300%20English/Building%20Blocks" exportTitle="Modules" importContext="" importTitle="" />
    <Mapping exportContext="/300%20English/Building%20Blocks/Modules" exportTitle="Core" importContext="" importTitle="" />
    <Mapping exportContext="/300%20English/Building%20Blocks/Modules/Core" exportTitle="Editor" importContext="" importTitle="" />
    <Mapping exportContext="/300%20English/Building%20Blocks/Modules/Core/Editor" exportTitle="Schemas" importContext="" importTitle="" />
    <Mapping exportContext="/500%20www%20en-US" exportTitle="Building%20Blocks" importContext="" importTitle="" />
    <Mapping exportContext="/500%20www%20en-US/Building%20Blocks" exportTitle="Content" importContext="" importTitle="" />
    <Mapping exportContext="/500%20www%20en-US/Building%20Blocks/Content" exportTitle="demo" importContext="" importTitle="" />
    <Mapping exportContext="/500%20www%20en-US/Building%20Blocks/Content/demo" exportTitle="Images" importContext="" importTitle="" />
  </ItemSet>
  <ItemSet role="Schema">
    <Mapping exportContext="/300%20English/Building%20Blocks/Modules/Core/Editor/Schemas" exportTitle="Image.xsd" importContext="" importTitle="" />
  </ItemSet>
  <ItemSet role="Component">
    <Mapping exportContext="/300%20English/Building%20Blocks/Content/demo/Images" exportTitle="solar-panels-on-green-field.jpg" importContext="" importTitle="" />
    <Mapping exportContext="/500%20www%20en-US/Building%20Blocks/Content/demo/Images" exportTitle="solar-panels-on-green-field.jpg" importContext="" importTitle="" />
  </ItemSet>
  <ItemSet role="MultimediaType">
    <Mapping exportTitle="Jpeg%20image.tmt" importTitle="" />
  </ItemSet>
</Mappings>