<Index dataContractVersion="201701" xmlns="http://www.sdltridion.com/ContentManager/ImportExport/Package/2013">
  <Item id="tcm:0-0-0" selected="false" exported="false">
    <Item id="5a7307fc96104ef19150efa3bf0d18b0" title="100%20Master" itemType="Publication" selected="false" exported="false">
      <Item id="d9c0c3b0ec4c402da99a72ab0680e865" title="Building%20Blocks" itemType="Folder" selected="false" exported="false">
        <Item id="a2af9af1c5ad4bf8ac837f187f6c4b82" title="Framework" itemType="Folder" selected="false" exported="false">
          <Item id="a00162fe21bb4dc2ad72eb2b441c7f08" title="Developer" itemType="Folder" selected="false" exported="false">
            <Item id="21fc3238b10d4433a539bbfb4dd37d69" title="Schemas" itemType="Folder" selected="false" exported="false">
              <Item id="fead77728d73429bbe0f8bdcad54829f" title="Component%20Template%20Metadata" extension="xsd" itemType="Schema" selected="false" exported="false" />
            </Item>
            <Item id="c0244e20d2294fa3b166f01e720bc22c" title="Templates" itemType="Folder" selected="false" exported="false">
              <Item id="30f431bef97d487e8abaad53e32dfd81" title="DXA%2ER2" itemType="Folder" selected="false" exported="false">
                <Item id="e900aa120c0f48dd841c31adc3aa3428" title="Default%20Component%20Template%20Finish%20Actions" extension="tbbcmp" itemType="TemplateBuildingBlock" selected="false" exported="false" />
                <Item id="a473fef902f646a4acdec49500b730c3" title="Render%20Component%20Content" extension="tbbcmp" itemType="TemplateBuildingBlock" selected="false" exported="false" />
              </Item>
            </Item>
          </Item>
        </Item>
        <Item id="1f60c7c6796743a9815cdc3c8c8a9537" title="Modules" itemType="Folder" selected="false" exported="false">
          <Item id="c4fac5ff96cd43629065e7cc1f2563cc" title="IntegrationForm" itemType="Folder" selected="false" exported="false">
            <Item id="a5f754712a8240679756d1afaa763657" title="Editor" itemType="Folder" selected="false" exported="false">
              <Item id="cd26f5fae31c453c959c53805dc37c65" title="Schemas" itemType="Folder" selected="false" exported="false">
                <Item id="eba16dc7c6564dac80cb6b0df3937686" title="Integration%20Form" extension="xsd" itemType="Schema" selected="false" exported="false" />
              </Item>
              <Item id="6e22074a11f1408eb992cdc595638635" title="Templates" itemType="Folder" selected="false" exported="false">
                <Item id="tcm:2-6513-32" title="Request%20Info" extension="tctcmp" itemType="ComponentTemplate" blueprintStatus="LocalItem" selected="true" exported="true" />
              </Item>
            </Item>
          </Item>
        </Item>
      </Item>
    </Item>
  </Item>
</Index>