<Index dataContractVersion="201701" xmlns="http://www.sdltridion.com/ContentManager/ImportExport/Package/2013">
  <Item id="tcm:0-0-0" selected="false" exported="false">
    <Item id="d4431ddbff5b4979b90a0035db5248d3" title="100%20Master" itemType="Publication" selected="false" exported="false">
      <Item id="3e9e33cd52c2462ba9a1ac17a2f8a7dd" title="Building%20Blocks" itemType="Folder" selected="false" exported="false">
        <Item id="933362f1a5b74ab3a78497ba5117edc2" title="Stubs" itemType="Folder" selected="false" exported="false">
          <Item id="tcm:2-3428-8" title="ExternalContentLibraryStubSchema-marketo" extension="xsd" itemType="Schema" subtype="1" blueprintStatus="LocalItem" selected="true" exported="true" />
        </Item>
      </Item>
    </Item>
    <Item id="0e878ca8c5014c159fafe36bdac2c660" title="External%20Content%20Library" extension="tmt" itemType="MultimediaType" selected="false" exported="false" />
  </Item>
</Index>