<Mappings xmlns="http://www.sdltridion.com/ContentManager/ImportExport/Package/2013">
  <ItemSet role="Publication">
    <Mapping exportTitle="100%20Master" importTitle="" />
  </ItemSet>
  <ItemSet role="Folder">
    <Mapping exportContext="/100%20Master" exportTitle="Building%20Blocks" importContext="" importTitle="" />
    <Mapping exportContext="/100%20Master/Building%20Blocks" exportTitle="Stubs" importContext="" importTitle="" />
  </ItemSet>
  <ItemSet role="Schema">
    <Mapping exportContext="/100%20Master/Building%20Blocks/Stubs" exportTitle="ExternalContentLibraryStubSchema-marketo.xsd" importContext="" importTitle="" />
  </ItemSet>
  <ItemSet role="MultimediaType">
    <Mapping exportTitle="External%20Content%20Library.tmt" importTitle="" />
  </ItemSet>
</Mappings>