<PackageItem xmlns:tcm="http://www.tridion.com/ContentManager/5.0" xmlns:xlink="http://www.w3.org/1999/xlink" xmlns="http://www.sdltridion.com/ContentManager/ImportExport/Package/2013">
  <Data>
    <tcm:Data>
      <tcm:Title>sfmc</tcm:Title>
      <tcm:FileName>sfmc</tcm:FileName>
      <tcm:PageTemplate IsInherited="false" xlink:type="simple" xlink:title="Onedemo XO Home Page" xlink:href="/webdav/500%20www%20en-US/Building%20Blocks/Modules/onedemo/Editor/Templates/Onedemo%20XO%20Home%20Page.tptcmp" />
      <tcm:ComponentPresentations />
      <tcm:MetadataSchema xlink:type="simple" xlink:title="Onedemo SmartTarget Home Page" xlink:href="/webdav/500%20www%20en-US/Building%20Blocks/Modules/onedemo/Editor/Schemas/Page%20Schemas/Onedemo%20SmartTarget%20Home%20Page.xsd" />
      <tcm:Metadata>
        <Metadata xmlns="uuid:122e776e-b53b-47ef-b51e-8c4242716a7f" />
      </tcm:Metadata>
      <tcm:RegionSchema xlink:type="simple" xlink:title="Onedemo SmartTarget Home Page" xlink:href="/webdav/500%20www%20en-US/Building%20Blocks/Modules/onedemo/Editor/Schemas/Page%20Schemas/Onedemo%20SmartTarget%20Home%20Page.xsd" />
      <tcm:Regions>
        <tcm:Region Type="EmbeddedRegionData">
          <tcm:RegionName>Banner</tcm:RegionName>
          <tcm:RegionSchema xlink:type="simple" xlink:title="[SmartTarget:Hero] Onedemo Region" xlink:href="/webdav/500%20www%20en-US/Building%20Blocks/Modules/ExperienceOptimization/Editor/Schemas/Region/%5BSmartTarget%3AHero%5D%20Onedemo%20Region.xsd" />
          <tcm:Metadata>
            <Metadata xmlns="uuid:4e39b80b-b133-435a-9651-84cbb43aa473">
              <maxItems>1</maxItems>
            </Metadata>
          </tcm:Metadata>
          <tcm:ComponentPresentations>
            <tcm:ComponentPresentation>
              <tcm:Component xlink:type="simple" xlink:title="Homepage Banner" xlink:href="/webdav/500%20www%20en-US/Building%20Blocks/Content/demo/Banners/Homepage%20Banner.xml" />
              <tcm:ComponentTemplate xlink:type="simple" xlink:title="Hero [SmartTarget:Hero]" xlink:href="/webdav/500%20www%20en-US/Building%20Blocks/Modules/ExperienceOptimization/Editor/Templates/Hero%20%5BSmartTarget%3AHero%5D.tctcmp" />
              <tcm:Conditions />
            </tcm:ComponentPresentation>
            <tcm:ComponentPresentation>
              <tcm:Component xlink:type="simple" xlink:title="Request Information" xlink:href="/webdav/500%20www%20en-US/Building%20Blocks/Forms/Request%20Information.xml" />
              <tcm:ComponentTemplate xlink:type="simple" xlink:title="Request Info" xlink:href="/webdav/500%20www%20en-US/Building%20Blocks/Modules/IntegrationForm/Editor/Templates/Request%20Info.tctcmp" />
              <tcm:Conditions />
            </tcm:ComponentPresentation>
          </tcm:ComponentPresentations>
          <tcm:Regions>
            <tcm:Region Type="EmbeddedRegionData">
              <tcm:RegionName>FindAnInstaller</tcm:RegionName>
              <tcm:RegionSchema xlink:type="simple" xlink:title="[Onedemo:FindAnInstaller] Region" xlink:href="/webdav/500%20www%20en-US/Building%20Blocks/Modules/onedemo/Editor/Schemas/Region%20Schemas/%5BOnedemo%3AFindAnInstaller%5D%20Region.xsd" />
              <tcm:Metadata />
              <tcm:ComponentPresentations>
                <tcm:ComponentPresentation>
                  <tcm:Component xlink:type="simple" xlink:title="Find An Installer" xlink:href="/webdav/500%20www%20en-US/Building%20Blocks/Content/demo/Find%20An%20Installer.xml" />
                  <tcm:ComponentTemplate xlink:type="simple" xlink:title="Find An Installer" xlink:href="/webdav/500%20www%20en-US/Building%20Blocks/Modules/onedemo/Editor/Templates/Find%20An%20Installer.tctcmp" />
                  <tcm:Conditions />
                </tcm:ComponentPresentation>
              </tcm:ComponentPresentations>
              <tcm:Regions />
            </tcm:Region>
          </tcm:Regions>
        </tcm:Region>
        <tcm:Region Type="EmbeddedRegionData">
          <tcm:RegionName>Product Region</tcm:RegionName>
          <tcm:RegionSchema xlink:type="simple" xlink:title="[Onedemo:Productlist] Region" xlink:href="/webdav/500%20www%20en-US/Building%20Blocks/Modules/onedemo/Editor/Schemas/Region%20Schemas/%5BOnedemo%3AProductlist%5D%20Region.xsd" />
          <tcm:Metadata />
          <tcm:ComponentPresentations>
            <tcm:ComponentPresentation>
              <tcm:Component xlink:type="simple" xlink:title="LightSolar CI Offering" xlink:href="/webdav/500%20www%20en-US/Building%20Blocks/Content/demo/Products/LightSolar%20CI%20Offering.xml" />
              <tcm:ComponentTemplate xlink:type="simple" xlink:title="Product List Item" xlink:href="/webdav/500%20www%20en-US/Building%20Blocks/Modules/onedemo/Editor/Templates/Product%20List%20Item.tctcmp" />
              <tcm:Conditions />
            </tcm:ComponentPresentation>
            <tcm:ComponentPresentation>
              <tcm:Component xlink:type="simple" xlink:title="LightSolar RI Offering" xlink:href="/webdav/500%20www%20en-US/Building%20Blocks/Content/demo/Products/LightSolar%20RI%20Offering.xml" />
              <tcm:ComponentTemplate xlink:type="simple" xlink:title="Product List Item" xlink:href="/webdav/500%20www%20en-US/Building%20Blocks/Modules/onedemo/Editor/Templates/Product%20List%20Item.tctcmp" />
              <tcm:Conditions />
            </tcm:ComponentPresentation>
            <tcm:ComponentPresentation>
              <tcm:Component xlink:type="simple" xlink:title="LightSolar CII Offering" xlink:href="/webdav/500%20www%20en-US/Building%20Blocks/Content/demo/Products/LightSolar%20CII%20Offering.xml" />
              <tcm:ComponentTemplate xlink:type="simple" xlink:title="Product List Item" xlink:href="/webdav/500%20www%20en-US/Building%20Blocks/Modules/onedemo/Editor/Templates/Product%20List%20Item.tctcmp" />
              <tcm:Conditions />
            </tcm:ComponentPresentation>
          </tcm:ComponentPresentations>
          <tcm:Regions />
        </tcm:Region>
        <tcm:Region Type="EmbeddedRegionData">
          <tcm:RegionName>Campaign Region</tcm:RegionName>
          <tcm:RegionSchema xlink:type="simple" xlink:title="[Onedemo:Campaigns] Region" xlink:href="/webdav/500%20www%20en-US/Building%20Blocks/Modules/onedemo/Editor/Schemas/Region%20Schemas/%5BOnedemo%3ACampaigns%5D%20Region.xsd" />
          <tcm:Metadata />
          <tcm:ComponentPresentations>
            <tcm:ComponentPresentation>
              <tcm:Component xlink:type="simple" xlink:title="Savings and Discounts" xlink:href="/webdav/500%20www%20en-US/Building%20Blocks/Content/demo/Savings%20and%20Discounts.xml" />
              <tcm:ComponentTemplate xlink:type="simple" xlink:title="Campaigns" xlink:href="/webdav/500%20www%20en-US/Building%20Blocks/Modules/onedemo/Editor/Templates/Campaigns.tctcmp" />
              <tcm:Conditions />
            </tcm:ComponentPresentation>
          </tcm:ComponentPresentations>
          <tcm:Regions />
        </tcm:Region>
        <tcm:Region Type="EmbeddedRegionData">
          <tcm:RegionName>News Room Region</tcm:RegionName>
          <tcm:RegionSchema xlink:type="simple" xlink:title="[Onedemo:Newsroom] Region" xlink:href="/webdav/500%20www%20en-US/Building%20Blocks/Modules/onedemo/Editor/Schemas/Region%20Schemas/%5BOnedemo%3ANewsroom%5D%20Region.xsd" />
          <tcm:Metadata />
          <tcm:ComponentPresentations>
            <tcm:ComponentPresentation>
              <tcm:Component xlink:type="simple" xlink:title="Newsroom" xlink:href="/webdav/500%20www%20en-US/Building%20Blocks/Content/demo/Newsroom.xml" />
              <tcm:ComponentTemplate xlink:type="simple" xlink:title="News Room" xlink:href="/webdav/500%20www%20en-US/Building%20Blocks/Modules/onedemo/Editor/Templates/News%20Room.tctcmp" />
              <tcm:Conditions />
            </tcm:ComponentPresentation>
          </tcm:ComponentPresentations>
          <tcm:Regions />
        </tcm:Region>
      </tcm:Regions>
    </tcm:Data>
  </Data>
  <Dependencies>
    <Dependency dependencyType="Publication" itemUrl="/webdav/500%20www%20en-US" linkName="LocationInfo/ContextRepository" />
    <Dependency dependencyType="OrganizationalItemStructureGroup" itemUrl="/webdav/500%20www%20en-US/Home" linkName="LocationInfo/OrganizationalItem" />
    <Dependency dependencyType="ComponentPresentationComponent" itemUrl="/webdav/500%20www%20en-US/Building%20Blocks/Content/demo/Banners/Homepage%20Banner.xml" linkName="Regions[0]/ComponentPresentations[0]/Component" />
    <Dependency dependencyType="ComponentPresentationComponent" itemUrl="/webdav/500%20www%20en-US/Building%20Blocks/Forms/Request%20Information.xml" linkName="Regions[0]/ComponentPresentations[1]/Component" />
    <Dependency dependencyType="ComponentPresentationComponent" itemUrl="/webdav/500%20www%20en-US/Building%20Blocks/Content/demo/Find%20An%20Installer.xml" linkName="Regions[0]/Regions[0]/ComponentPresentations[0]/Component" />
    <Dependency dependencyType="ComponentPresentationComponent" itemUrl="/webdav/500%20www%20en-US/Building%20Blocks/Content/demo/Products/LightSolar%20CI%20Offering.xml" linkName="Regions[1]/ComponentPresentations[0]/Component" />
    <Dependency dependencyType="ComponentPresentationComponent" itemUrl="/webdav/500%20www%20en-US/Building%20Blocks/Content/demo/Products/LightSolar%20RI%20Offering.xml" linkName="Regions[1]/ComponentPresentations[1]/Component" />
    <Dependency dependencyType="ComponentPresentationComponent" itemUrl="/webdav/500%20www%20en-US/Building%20Blocks/Content/demo/Products/LightSolar%20CII%20Offering.xml" linkName="Regions[1]/ComponentPresentations[2]/Component" />
    <Dependency dependencyType="ComponentPresentationComponent" itemUrl="/webdav/500%20www%20en-US/Building%20Blocks/Content/demo/Savings%20and%20Discounts.xml" linkName="Regions[2]/ComponentPresentations[0]/Component" />
    <Dependency dependencyType="ComponentPresentationComponent" itemUrl="/webdav/500%20www%20en-US/Building%20Blocks/Content/demo/Newsroom.xml" linkName="Regions[3]/ComponentPresentations[0]/Component" />
    <Dependency dependencyType="ComponentPresentationComponentTemplate" itemUrl="/webdav/500%20www%20en-US/Building%20Blocks/Modules/ExperienceOptimization/Editor/Templates/Hero%20%5BSmartTarget%3AHero%5D.tctcmp" linkName="Regions[0]/ComponentPresentations[0]/ComponentTemplate" />
    <Dependency dependencyType="ComponentPresentationComponentTemplate" itemUrl="/webdav/500%20www%20en-US/Building%20Blocks/Modules/IntegrationForm/Editor/Templates/Request%20Info.tctcmp" linkName="Regions[0]/ComponentPresentations[1]/ComponentTemplate" />
    <Dependency dependencyType="ComponentPresentationComponentTemplate" itemUrl="/webdav/500%20www%20en-US/Building%20Blocks/Modules/onedemo/Editor/Templates/Find%20An%20Installer.tctcmp" linkName="Regions[0]/Regions[0]/ComponentPresentations[0]/ComponentTemplate" />
    <Dependency dependencyType="ComponentPresentationComponentTemplate" itemUrl="/webdav/500%20www%20en-US/Building%20Blocks/Modules/onedemo/Editor/Templates/Product%20List%20Item.tctcmp" linkName="Regions[1]/ComponentPresentations[0]/ComponentTemplate" />
    <Dependency dependencyType="ComponentPresentationComponentTemplate" itemUrl="/webdav/500%20www%20en-US/Building%20Blocks/Modules/onedemo/Editor/Templates/Product%20List%20Item.tctcmp" linkName="Regions[1]/ComponentPresentations[1]/ComponentTemplate" />
    <Dependency dependencyType="ComponentPresentationComponentTemplate" itemUrl="/webdav/500%20www%20en-US/Building%20Blocks/Modules/onedemo/Editor/Templates/Product%20List%20Item.tctcmp" linkName="Regions[1]/ComponentPresentations[2]/ComponentTemplate" />
    <Dependency dependencyType="ComponentPresentationComponentTemplate" itemUrl="/webdav/500%20www%20en-US/Building%20Blocks/Modules/onedemo/Editor/Templates/Campaigns.tctcmp" linkName="Regions[2]/ComponentPresentations[0]/ComponentTemplate" />
    <Dependency dependencyType="ComponentPresentationComponentTemplate" itemUrl="/webdav/500%20www%20en-US/Building%20Blocks/Modules/onedemo/Editor/Templates/News%20Room.tctcmp" linkName="Regions[3]/ComponentPresentations[0]/ComponentTemplate" />
    <Dependency dependencyType="MetadataSchema" itemUrl="/webdav/500%20www%20en-US/Building%20Blocks/Modules/onedemo/Editor/Schemas/Page%20Schemas/Onedemo%20SmartTarget%20Home%20Page.xsd" linkName="MetadataSchema" />
    <Dependency dependencyType="PageTemplate" itemUrl="/webdav/500%20www%20en-US/Building%20Blocks/Modules/onedemo/Editor/Templates/Onedemo%20XO%20Home%20Page.tptcmp" linkName="PageTemplate" />
    <Dependency dependencyType="PageRegionSchema" itemUrl="/webdav/500%20www%20en-US/Building%20Blocks/Modules/onedemo/Editor/Schemas/Page%20Schemas/Onedemo%20SmartTarget%20Home%20Page.xsd" linkName="RegionSchema" />
    <Dependency dependencyType="PageRegionSchema" itemUrl="/webdav/500%20www%20en-US/Building%20Blocks/Modules/ExperienceOptimization/Editor/Schemas/Region/%5BSmartTarget%3AHero%5D%20Onedemo%20Region.xsd" linkName="Regions[0]/RegionSchema" />
    <Dependency dependencyType="PageRegionSchema" itemUrl="/webdav/500%20www%20en-US/Building%20Blocks/Modules/onedemo/Editor/Schemas/Region%20Schemas/%5BOnedemo%3AFindAnInstaller%5D%20Region.xsd" linkName="Regions[0]/Regions[0]/RegionSchema" />
    <Dependency dependencyType="PageRegionSchema" itemUrl="/webdav/500%20www%20en-US/Building%20Blocks/Modules/onedemo/Editor/Schemas/Region%20Schemas/%5BOnedemo%3AProductlist%5D%20Region.xsd" linkName="Regions[1]/RegionSchema" />
    <Dependency dependencyType="PageRegionSchema" itemUrl="/webdav/500%20www%20en-US/Building%20Blocks/Modules/onedemo/Editor/Schemas/Region%20Schemas/%5BOnedemo%3ACampaigns%5D%20Region.xsd" linkName="Regions[2]/RegionSchema" />
    <Dependency dependencyType="PageRegionSchema" itemUrl="/webdav/500%20www%20en-US/Building%20Blocks/Modules/onedemo/Editor/Schemas/Region%20Schemas/%5BOnedemo%3ANewsroom%5D%20Region.xsd" linkName="Regions[3]/RegionSchema" />
  </Dependencies>
</PackageItem>